#Data for Cremona Fatebenefratelli, Lombardia from 2019/01/01 to 2020/04/03. [generated on 2020-04-03 05:44]
#Station is located at latitude 45.14254358, longitude 10.04384767
#Values are unconverted and expressed in milligrams per cubic meter.
#Values are based on daily average
#Attribution: Agenzia Regionale per la Protezione dell'Ambiente della Lombardia)  https://ita.arpalombardia.it/ITA/
date,pm25,pm25_min,pm25_max,pm10,pm10_min,pm10_max,o3,o3_min,o3_max,no2,no2_min,no2_max,so2,so2_min,so2_max,co,co_min,co_max
2020-04-01,21,21,21,28,28,28,77,77,77,55,55,55,1,1,1,0.4,0.4,0.4
2020-03-31,"-","-","-","-","-","-",71,71,71,41,41,41,3,3,3,0.3,0.3,0.3
2020-03-30,17,17,17,51,51,51,83,83,83,44,44,44,4,4,4,0.4,0.4,0.4
2020-03-29,24,24,24,97,97,97,98,98,98,27,27,27,2,2,2,0.3,0.3,0.3
2020-03-28,28,28,28,97,97,97,89,89,89,35,35,35,3,3,3,0.3,0.3,0.3
2020-03-27,28,28,28,48,48,48,59,59,59,35,35,35,2,2,2,0.3,0.3,0.3
2020-03-26,"-","-","-",19,19,19,55,55,55,40,40,40,2,2,2,0.6,0.6,0.6
2020-03-25,"-","-","-",21,21,21,71,71,71,60,60,60,1,1,1,0.5,0.5,0.5
2020-03-24,"-","-","-",26,26,26,76,76,76,60,60,60,1,1,1,0.6,0.6,0.6
2020-03-23,"-","-","-",20,20,20,75,75,75,43,43,43,1,1,1,0.5,0.5,0.5
2020-03-22,"-","-","-",26,26,26,72,72,72,13,13,13,1,1,1,0.6,0.6,0.6
2020-03-21,"-","-","-",35,35,35,97,97,97,40,40,40,2,2,2,0.6,0.6,0.6
2020-03-20,38,38,38,58,58,58,93,93,93,60,60,60,2,2,2,0.8,0.8,0.8
2020-03-19,43,43,43,55,55,55,100,100,100,90,90,90,2,2,2,0.8,0.8,0.8
2020-03-18,49,49,49,63,63,63,93,93,93,94,94,94,2,2,2,0.8,0.8,0.8
2020-03-17,30,30,30,45,45,45,87,87,87,94,94,94,2,2,2,0.7,0.7,0.7
2020-03-16,27,27,27,34,34,34,81,81,81,75,75,75,2,2,2,0.6,0.6,0.6
2020-03-15,16,16,16,18,18,18,77,77,77,28,28,28,2,2,2,0.5,0.5,0.5
2020-03-14,23,23,23,27,27,27,56,56,56,29,29,29,1,1,1,0.6,0.6,0.6
2020-03-13,15,15,15,30,30,30,77,77,77,38,38,38,1,1,1,0.6,0.6,0.6
2020-03-12,50,50,50,62,62,62,58,58,58,63,63,63,2,2,2,0.7,0.7,0.7
2020-03-11,25,25,25,35,35,35,68,68,68,84,84,84,2,2,2,0.5,0.5,0.5
2020-03-10,22,22,22,29,29,29,65,65,65,68,68,68,2,2,2,0.5,0.5,0.5
2020-03-09,29,29,29,32,32,32,64,64,64,57,57,57,1,1,1,0.6,0.6,0.6
2020-03-08,17,17,17,20,20,20,81,81,81,77,77,77,2,2,2,0.6,0.6,0.6
2020-03-07,32,32,32,37,37,37,76,76,76,41,41,41,2,2,2,0.6,0.6,0.6
2020-03-06,26,26,26,29,29,29,56,56,56,63,63,63,3,3,3,0.6,0.6,0.6
2020-03-05,23,23,23,27,27,27,48,48,48,55,55,55,3,3,3,0.5,0.5,0.5
2020-03-04,10,10,10,31,31,31,64,64,64,82,82,82,3,3,3,0.6,0.6,0.6
2020-03-03,19,19,19,25,25,25,31,31,31,51,51,51,1,1,1,0.6,0.6,0.6
2020-03-02,25,25,25,28,28,28,37,37,37,42,42,42,1,1,1,0.4,0.4,0.4
2020-03-01,23,23,23,27,27,27,50,50,50,25,25,25,2,2,2,0.3,0.3,0.3
2020-02-29,29,29,29,38,38,38,45,45,45,61,61,61,3,3,3,0.4,0.4,0.4
2020-02-28,13,13,13,22,22,22,75,75,75,111,111,111,10,10,10,0.3,0.3,0.3
2020-02-27,12,12,12,17,17,17,66,66,66,70,70,70,1,1,1,0.1,0.1,0.1
2020-02-26,27,27,27,35,35,35,64,64,64,44,44,44,1,1,1,0.5,0.5,0.5
2020-02-25,67,67,67,88,88,88,35,35,35,68,68,68,2,2,2,0.8,0.8,0.8
2020-02-24,43,43,43,48,48,48,67,67,67,46,46,46,1,1,1,0.7,0.7,0.7
2020-02-23,51,51,51,61,61,61,64,64,64,65,65,65,2,2,2,1,1,1
2020-02-22,48,48,48,61,61,61,63,63,63,92,92,92,2,2,2,0.9,0.9,0.9
2020-02-21,46,46,46,60,60,60,53,53,53,82,82,82,5,5,5,1,1,1
2020-02-20,34,34,34,48,48,48,60,60,60,113,113,113,3,3,3,0.9,0.9,0.9
2020-02-19,42,42,42,51,51,51,60,60,60,49,49,49,5,5,5,0.8,0.8,0.8
2020-02-18,38,38,38,46,46,46,49,49,49,72,72,72,5,5,5,0.8,0.8,0.8
2020-02-17,37,37,37,77,77,77,16,16,16,59,59,59,5,5,5,0.9,0.9,0.9
2020-02-16,41,41,41,89,89,89,50,50,50,78,78,78,3,3,3,1,1,1
2020-02-15,65,65,65,79,79,79,40,40,40,84,84,84,1,1,1,0.9,0.9,0.9
2020-02-14,39,39,39,49,49,49,48,48,48,81,81,81,5,5,5,0.8,0.8,0.8
2020-02-13,36,36,36,55,55,55,41,41,41,97,97,97,3,3,3,0.7,0.7,0.7
2020-02-12,12,12,12,17,17,17,63,63,63,69,69,69,4,4,4,0.5,0.5,0.5
2020-02-11,23,23,23,29,29,29,63,63,63,76,76,76,6,6,6,0.7,0.7,0.7
2020-02-10,63,63,63,76,76,76,20,20,20,66,66,66,4,4,4,0.8,0.8,0.8
2020-02-09,36,36,36,84,84,84,18,18,18,65,65,65,6,6,6,1.4,1.4,1.4
2020-02-08,49,49,49,66,66,66,45,45,45,105,105,105,3,3,3,1.3,1.3,1.3
2020-02-07,34,34,34,49,49,49,45,45,45,92,92,92,5,5,5,0.8,0.8,0.8
2020-02-06,22,22,22,38,38,38,51,51,51,111,111,111,3,3,3,0.7,0.7,0.7
2020-02-05,11,11,11,21,21,21,58,58,58,85,85,85,2,2,2,0.4,0.4,0.4
2020-02-04,23,23,23,38,38,38,60,60,60,30,30,30,1,1,1,0.5,0.5,0.5
2020-02-03,28,28,28,36,36,36,16,16,16,40,40,40,1,1,1,0.6,0.6,0.6
2020-02-02,33,33,33,44,44,44,8,8,8,41,41,41,2,2,2,0.6,0.6,0.6
2020-02-01,63,63,63,73,73,73,4,4,4,47,47,47,3,3,3,0.8,0.8,0.8
2020-01-31,50,50,50,63,63,63,27,27,27,86,86,86,13,13,13,0.8,0.8,0.8
2020-01-30,45,45,45,58,58,58,19,19,19,80,80,80,6,6,6,0.7,0.7,0.7
2020-01-29,36,36,36,44,44,44,51,51,51,68,68,68,9,9,9,0.5,0.5,0.5
2020-01-28,70,70,70,79,79,79,23,23,23,54,54,54,2,2,2,0.7,0.7,0.7
2020-01-27,66,66,66,78,78,78,33,33,33,86,86,86,19,19,19,1,1,1
2020-01-26,74,74,74,83,83,83,36,36,36,84,84,84,9,9,9,1,1,1
2020-01-25,77,77,77,74,74,74,4,4,4,59,59,59,3,3,3,0.9,0.9,0.9
2020-01-24,76,76,76,90,90,90,8,8,8,81,81,81,7,7,7,1.3,1.3,1.3
2020-01-23,64,64,64,79,79,79,17,17,17,94,94,94,5,5,5,1.2,1.2,1.2
2020-01-22,47,47,47,59,59,59,24,24,24,81,81,81,9,9,9,1,1,1
2020-01-21,37,37,37,55,55,55,24,24,24,83,83,83,6,6,6,0.9,0.9,0.9
2020-01-20,28,28,28,46,46,46,38,38,38,102,102,102,2,2,2,0.8,0.8,0.8
2020-01-19,29,29,29,41,41,41,4,4,4,49,49,49,3,3,3,1.1,1.1,1.1
2020-01-18,48,48,48,52,52,52,20,20,20,72,72,72,3,3,3,1,1,1
2020-01-17,74,74,74,85,85,85,21,21,21,78,78,78,10,10,10,1,1,1
2020-01-16,87,87,87,101,101,101,11,11,11,69,69,69,4,4,4,1,1,1
2020-01-15,83,83,83,87,87,87,10,10,10,68,68,68,6,6,6,0.9,0.9,0.9
2020-01-14,46,46,46,55,55,55,3,3,3,64,64,64,2,2,2,1.1,1.1,1.1
2020-01-13,78,78,78,88,88,88,5,5,5,79,79,79,3,3,3,1.4,1.4,1.4
2020-01-12,63,63,63,70,70,70,23,23,23,92,92,92,4,4,4,1.3,1.3,1.3
2020-01-11,58,58,58,76,76,76,18,18,18,77,77,77,5,5,5,1,1,1
2020-01-10,65,65,65,72,72,72,5,5,5,77,77,77,4,4,4,1.1,1.1,1.1
2020-01-09,47,47,47,60,60,60,7,7,7,82,82,82,4,4,4,1,1,1
2020-01-08,38,38,38,50,50,50,10,10,10,52,52,52,2,2,2,0.5,0.5,0.5
2020-01-07,35,35,35,54,54,54,6,6,6,51,51,51,3,3,3,0.8,0.8,0.8
2020-01-06,40,40,40,46,46,46,9,9,9,45,45,45,3,3,3,1,1,1
2020-01-05,57,57,57,58,58,58,27,27,27,83,83,83,2,2,2,1.2,1.2,1.2
2020-01-04,54,54,54,59,59,59,21,21,21,66,66,66,3,3,3,1.2,1.2,1.2
2020-01-03,63,63,63,73,73,73,16,16,16,80,80,80,5,5,5,1.4,1.4,1.4
2020-01-02,38,38,38,88,88,88,6,6,6,51,51,51,2,2,2,1.5,1.5,1.5
2020-01-01,92,92,92,105,105,105,13,13,13,72,72,72,2,2,2,1.4,1.4,1.4
2019-12-31,62,62,62,64,64,64,27,27,27,66,66,66,2,2,2,0.9,0.9,0.9
2019-12-30,40,40,40,48,48,48,36,36,36,49,49,49,1,1,1,0.4,0.4,0.4
2019-12-29,61,61,61,67,67,67,25,25,25,47,47,47,2,2,2,1.2,1.2,1.2
2019-12-28,60,60,60,69,69,69,9,9,9,64,64,64,2,2,2,1.1,1.1,1.1
2019-12-27,47,47,47,53,53,53,14,14,14,58,58,58,2,2,2,0.9,0.9,0.9
2019-12-26,39,39,39,44,44,44,27,27,27,57,57,57,2,2,2,0.9,0.9,0.9
2019-12-25,32,32,32,38,38,38,27,27,27,55,55,55,3,3,3,0.9,0.9,0.9
2019-12-24,16,16,16,22,22,22,43,43,43,63,63,63,4,4,4,0.5,0.5,0.5
2019-12-23,6,6,6,8,8,8,54,54,54,32,32,32,7,7,7,0.2,0.2,0.2
2019-12-22,13,13,13,8,8,8,54,54,54,28,28,28,2,2,2,0.6,0.6,0.6
2019-12-21,13,13,13,22,22,22,28,28,28,47,47,47,1,1,1,0.6,0.6,0.6
2019-12-20,19,19,19,28,28,28,23,23,23,39,39,39,2,2,2,0.7,0.7,0.7
2019-12-19,16,16,16,41,41,41,1,1,1,46,46,46,3,3,3,0.9,0.9,0.9
2019-12-18,29,29,29,41,41,41,2,2,2,47,47,47,3,3,3,0.8,0.8,0.8
2019-12-17,43,43,43,57,57,57,1,1,1,53,53,53,4,4,4,0.8,0.8,0.8
2019-12-16,26,26,26,49,49,49,2,2,2,45,45,45,6,6,6,0.7,0.7,0.7
2019-12-15,25,25,25,49,49,49,2,2,2,47,47,47,3,3,3,0.9,0.9,0.9
2019-12-14,29,29,29,32,32,32,37,37,37,68,68,68,5,5,5,0.9,0.9,0.9
2019-12-13,23,23,23,30,30,30,36,36,36,58,58,58,3,3,3,0.5,0.5,0.5
2019-12-12,24,24,24,28,28,28,20,20,20,68,68,68,3,3,3,0.7,0.7,0.7
2019-12-11,36,36,36,54,54,54,23,23,23,104,104,104,6,6,6,0.9,0.9,0.9
2019-12-10,34,34,34,42,42,42,19,19,19,65,65,65,3,3,3,1.1,1.1,1.1
2019-12-09,"-","-","-","-","-","-",3,3,3,78,78,78,2,2,2,1.1,1.1,1.1
2019-12-08,"-","-","-","-","-","-",8,8,8,57,57,57,3,3,3,1.3,1.3,1.3
2019-12-07,"-","-","-","-","-","-",15,15,15,79,79,79,3,3,3,1.2,1.2,1.2
2019-12-06,"-","-","-","-","-","-",3,3,3,58,58,58,3,3,3,0.9,0.9,0.9
2019-12-05,"-","-","-","-","-","-",7,7,7,80,80,80,2,2,2,0.9,0.9,0.9
2019-12-04,32,32,32,40,40,40,33,33,33,98,98,98,2,2,2,0.9,0.9,0.9
2019-12-03,15,15,15,24,24,24,29,29,29,65,65,65,1,1,1,0.6,0.6,0.6
2019-12-02,8,8,8,19,19,19,17,17,17,66,66,66,1,1,1,0.6,0.6,0.6
2019-12-01,31,31,31,35,35,35,19,19,19,38,38,38,1,1,1,0.3,0.3,0.3
2019-11-30,28,28,28,35,35,35,9,9,9,47,47,47,1,1,1,0.4,0.4,0.4
2019-11-29,12,12,12,33,33,33,2,2,2,44,44,44,2,2,2,0.5,0.5,0.5
2019-11-28,22,22,22,30,30,30,8,8,8,42,42,42,2,2,2,0.5,0.5,0.5
2019-11-27,23,23,23,27,27,27,13,13,13,45,45,45,2,2,2,0.8,0.8,0.8
2019-11-26,29,29,29,39,39,39,9,9,9,52,52,52,2,2,2,0.8,0.8,0.8
2019-11-25,11,11,11,17,17,17,42,42,42,51,51,51,6,6,6,0.4,0.4,0.4
2019-11-24,2,2,2,9,9,9,61,61,61,20,20,20,2,2,2,0.2,0.2,0.2
2019-11-23,6,6,6,11,11,11,61,61,61,16,16,16,2,2,2,0.3,0.3,0.3
2019-11-22,32,32,32,41,41,41,40,40,40,42,42,42,2,2,2,0.4,0.4,0.4
2019-11-21,14,14,14,34,34,34,22,22,22,51,51,51,1,1,1,0.5,0.5,0.5
2019-11-20,17,17,17,23,23,23,27,27,27,50,50,50,2,2,2,0.5,0.5,0.5
2019-11-19,16,16,16,19,19,19,24,24,24,70,70,70,1,1,1,0.5,0.5,0.5
2019-11-18,18,18,18,22,22,22,29,29,29,58,58,58,2,2,2,0.4,0.4,0.4
2019-11-17,9,9,9,11,11,11,52,52,52,44,44,44,1,1,1,0.5,0.5,0.5
2019-11-16,26,26,26,31,31,31,26,26,26,47,47,47,2,2,2,0.5,0.5,0.5
2019-11-15,15,15,15,16,16,16,54,54,54,56,56,56,1,1,1,0.5,0.5,0.5
2019-11-14,19,19,19,25,25,25,49,49,49,51,51,51,6,6,6,0.7,0.7,0.7
2019-11-13,22,22,22,29,29,29,33,33,33,66,66,66,2,2,2,0.7,0.7,0.7
2019-11-12,16,16,16,19,19,19,15,15,15,53,53,53,1,1,1,0.4,0.4,0.4
2019-11-11,24,24,24,26,26,26,12,12,12,46,46,46,1,1,1,0.5,0.5,0.5
2019-11-10,34,34,34,41,41,41,35,35,35,41,41,41,1,1,1,0.7,0.7,0.7
2019-11-09,20,20,20,25,25,25,52,52,52,55,55,55,2,2,2,0.7,0.7,0.7
2019-11-08,7,7,7,17,17,17,40,40,40,55,55,55,1,1,1,0.4,0.4,0.4
2019-11-07,26,26,26,36,36,36,23,23,23,49,49,49,1,1,1,0.5,0.5,0.5
2019-11-06,10,10,10,28,28,28,24,24,24,47,47,47,1,1,1,0.7,0.7,0.7
2019-11-05,27,27,27,30,30,30,22,22,22,44,44,44,1,1,1,0.7,0.7,0.7
2019-11-04,"-","-","-","-","-","-",16,16,16,48,48,48,1,1,1,0.5,0.5,0.5
2019-11-03,"-","-","-","-","-","-",38,38,38,26,26,26,2,2,2,0.3,0.3,0.3
2019-11-02,22,22,22,26,26,26,41,41,41,31,31,31,1,1,1,0.3,0.3,0.3
2019-11-01,18,18,18,23,23,23,44,44,44,36,36,36,2,2,2,0.3,0.3,0.3
2019-10-31,17,17,17,25,25,25,36,36,36,44,44,44,2,2,2,0.3,0.3,0.3
2019-10-30,18,18,18,24,24,24,31,31,31,36,36,36,1,1,1,0.4,0.4,0.4
2019-10-29,22,22,22,39,39,39,18,18,18,47,47,47,3,3,3,0.6,0.6,0.6
2019-10-28,42,42,42,58,58,58,27,27,27,66,66,66,4,4,4,0.6,0.6,0.6
2019-10-27,32,32,32,45,45,45,55,55,55,67,67,67,6,6,6,0.7,0.7,0.7
2019-10-26,24,24,24,38,38,38,45,45,45,63,63,63,6,6,6,0.7,0.7,0.7
2019-10-25,20,20,20,26,26,26,45,45,45,76,76,76,2,2,2,0.5,0.5,0.5
2019-10-24,-4,-4,-4,15,15,15,37,37,37,50,50,50,1,1,1,0.5,0.5,0.5
2019-10-23,40,40,40,59,59,59,54,54,54,81,81,81,2,2,2,0.5,0.5,0.5
2019-10-22,23,23,23,39,39,39,56,56,56,56,56,56,1,1,1,"-","-","-"
2019-10-21,28,28,28,35,35,35,59,59,59,51,51,51,1,1,1,"-","-","-"
2019-10-20,15,15,15,22,22,22,75,75,75,28,28,28,1,1,1,"-","-","-"
2019-10-19,26,26,26,34,34,34,45,45,45,31,31,31,1,1,1,"-","-","-"
2019-10-18,18,18,18,27,27,27,52,52,52,56,56,56,2,2,2,"-","-","-"
2019-10-17,27,27,27,40,40,40,29,29,29,66,66,66,8,8,8,"-","-","-"
2019-10-16,8,8,8,17,17,17,69,69,69,85,85,85,5,5,5,"-","-","-"
2019-10-15,-4,-4,-4,15,15,15,54,54,54,38,38,38,3,3,3,"-","-","-"
2019-10-14,50,50,50,71,71,71,68,68,68,66,66,66,5,5,5,"-","-","-"
2019-10-13,56,56,56,67,67,67,40,40,40,45,45,45,4,4,4,"-","-","-"
2019-10-12,45,45,45,56,56,56,67,67,67,57,57,57,3,3,3,1.9,1.9,1.9
2019-10-11,32,32,32,43,43,43,69,69,69,60,60,60,2,2,2,0.8,0.8,0.8
2019-10-10,37,37,37,43,43,43,66,66,66,62,62,62,2,2,2,0.7,0.7,0.7
2019-10-09,27,27,27,45,45,45,39,39,39,57,57,57,2,2,2,0.5,0.5,0.5
2019-10-08,16,16,16,24,24,24,64,64,64,80,80,80,1,1,1,0.4,0.4,0.4
2019-10-07,2,2,2,9,9,9,62,62,62,48,48,48,1,1,1,0.3,0.3,0.3
2019-10-06,26,26,26,35,35,35,82,82,82,30,30,30,1,1,1,0.5,0.5,0.5
2019-10-05,34,34,34,45,45,45,85,85,85,95,95,95,6,6,6,0.5,0.5,0.5
2019-10-04,21,21,21,25,25,25,59,59,59,64,64,64,4,4,4,0.3,0.3,0.3
2019-10-03,8,8,8,15,15,15,73,73,73,52,52,52,3,3,3,0.2,0.2,0.2
2019-10-02,17,17,17,27,27,27,77,77,77,73,73,73,2,2,2,0.2,0.2,0.2
2019-10-01,13,13,13,41,41,41,78,78,78,58,58,58,7,7,7,0.1,0.1,0.1
2019-09-30,13,13,13,30,30,30,92,92,92,103,103,103,6,6,6,0.1,0.1,0.1
2019-09-29,13,13,13,20,20,20,93,93,93,38,38,38,5,5,5,0.3,0.3,0.3
2019-09-28,21,21,21,35,35,35,90,90,90,68,68,68,1,1,1,0.5,0.5,0.5
2019-09-27,28,28,28,43,43,43,86,86,86,56,56,56,2,2,2,0.4,0.4,0.4
2019-09-26,40,40,40,48,48,48,94,94,94,83,83,83,1,1,1,0.3,0.3,0.3
2019-09-25,33,33,33,44,44,44,81,81,81,59,59,59,2,2,2,0.3,0.3,0.3
2019-09-24,24,24,24,36,36,36,84,84,84,54,54,54,4,4,4,0.2,0.2,0.2
2019-09-23,20,20,20,28,28,28,56,56,56,48,48,48,1,1,1,0.2,0.2,0.2
2019-09-22,20,20,20,29,29,29,86,86,86,46,46,46,2,2,2,0.2,0.2,0.2
2019-09-21,21,21,21,32,32,32,93,93,93,78,78,78,1,1,1,0.2,0.2,0.2
2019-09-20,15,15,15,28,28,28,83,83,83,53,53,53,1,1,1,0.1,0.1,0.1
2019-09-19,16,16,16,15,15,15,65,65,65,54,54,54,1,1,1,0.2,0.2,0.2
2019-09-18,23,23,23,38,38,38,105,105,105,69,69,69,3,3,3,0.4,0.4,0.4
2019-09-17,38,38,38,49,49,49,138,138,138,93,93,93,5,5,5,0.3,0.3,0.3
2019-09-16,20,20,20,50,50,50,131,131,131,98,98,98,3,3,3,0.3,0.3,0.3
2019-09-15,28,28,28,35,35,35,115,115,115,75,75,75,2,2,2,0.2,0.2,0.2
2019-09-14,37,37,37,41,41,41,124,124,124,56,56,56,2,2,2,0.3,0.3,0.3
2019-09-13,32,32,32,40,40,40,125,125,125,115,115,115,2,2,2,0.3,0.3,0.3
2019-09-12,23,23,23,35,35,35,129,129,129,106,106,106,3,3,3,0.3,0.3,0.3
2019-09-11,15,15,15,23,23,23,112,112,112,104,104,104,3,3,3,0.3,0.3,0.3
2019-09-10,8,8,8,24,24,24,95,95,95,46,46,46,1,1,1,0.2,0.2,0.2
2019-09-09,9,9,9,11,11,11,76,76,76,84,84,84,2,2,2,0.2,0.2,0.2
2019-09-08,7,7,7,11,11,11,70,70,70,27,27,27,"-","-","-",0.2,0.2,0.2
2019-09-07,16,16,16,19,19,19,89,89,89,78,78,78,5,5,5,0.1,0.1,0.1
2019-09-06,5,5,5,9,9,9,69,69,69,27,27,27,1,1,1,0.1,0.1,0.1
2019-09-05,21,21,21,29,29,29,123,123,123,56,56,56,1,1,1,0.1,0.1,0.1
2019-09-04,13,13,13,24,24,24,111,111,111,68,68,68,1,1,1,0.1,0.1,0.1
2019-09-03,5,5,5,14,14,14,94,94,94,44,44,44,1,1,1,0.1,0.1,0.1
2019-09-02,16,16,16,23,23,23,105,105,105,44,44,44,1,1,1,0.1,0.1,0.1
2019-09-01,22,22,22,29,29,29,131,131,131,42,42,42,2,2,2,0.1,0.1,0.1
2019-08-31,24,24,24,36,36,36,123,123,123,47,47,47,3,3,3,0.2,0.2,0.2
2019-08-30,23,23,23,37,37,37,144,144,144,51,51,51,6,6,6,0.2,0.2,0.2
2019-08-29,15,15,15,27,27,27,129,129,129,46,46,46,4,4,4,0.1,0.1,0.1
2019-08-28,28,28,28,44,44,44,107,107,107,51,51,51,4,4,4,0.1,0.1,0.1
2019-08-27,20,20,20,29,29,29,135,135,135,41,41,41,2,2,2,0.1,0.1,0.1
2019-08-26,24,24,24,31,31,31,126,126,126,41,41,41,2,2,2,0.2,0.2,0.2
2019-08-25,22,22,22,23,23,23,123,123,123,44,44,44,1,1,1,0.1,0.1,0.1
2019-08-24,26,26,26,34,34,34,121,121,121,26,26,26,1,1,1,0.2,0.2,0.2
2019-08-23,30,30,30,45,45,45,100,100,100,44,44,44,2,2,2,0.2,0.2,0.2
2019-08-22,16,16,16,28,28,28,104,104,104,33,33,33,2,2,2,0.2,0.2,0.2
2019-08-21,15,15,15,25,25,25,131,131,131,53,53,53,2,2,2,0.2,0.2,0.2
2019-08-20,15,15,15,36,36,36,120,120,120,43,43,43,2,2,2,0.2,0.2,0.2
2019-08-19,"-","-","-","-","-","-",125,125,125,31,31,31,3,3,3,0.3,0.3,0.3
2019-08-17,"-","-","-","-","-","-",115,115,115,35,35,35,4,4,4,0.2,0.2,0.2
2019-08-16,5,5,5,13,13,13,101,101,101,52,52,52,3,3,3,0.2,0.2,0.2
2019-08-15,12,12,12,17,17,17,106,106,106,49,49,49,1,1,1,0.2,0.2,0.2
2019-08-14,11,11,11,12,12,12,95,95,95,40,40,40,2,2,2,0.2,0.2,0.2
2019-08-13,6,6,6,25,25,25,107,107,107,23,23,23,3,3,3,0.2,0.2,0.2
2019-08-12,21,21,21,31,31,31,79,79,79,34,34,34,2,2,2,0.2,0.2,0.2
2019-08-11,13,13,13,24,24,24,123,123,123,20,20,20,4,4,4,0.2,0.2,0.2
2019-08-10,26,26,26,38,38,38,129,129,129,40,40,40,2,2,2,0.3,0.3,0.3
2019-08-09,23,23,23,32,32,32,125,125,125,57,57,57,2,2,2,0.3,0.3,0.3
2019-08-08,16,16,16,23,23,23,116,116,116,51,51,51,2,2,2,0.2,0.2,0.2
2019-08-07,10,10,10,15,15,15,124,124,124,46,46,46,1,1,1,0.2,0.2,0.2
2019-08-06,16,16,16,26,26,26,140,140,140,38,38,38,2,2,2,0.2,0.2,0.2
2019-08-05,17,17,17,18,18,18,143,143,143,45,45,45,2,2,2,0.2,0.2,0.2
2019-08-04,13,13,13,17,17,17,131,131,131,52,52,52,1,1,1,0.2,0.2,0.2
2019-08-03,14,14,14,18,18,18,126,126,126,58,58,58,4,4,4,0.2,0.2,0.2
2019-08-02,18,18,18,32,32,32,147,147,147,48,48,48,2,2,2,0.2,0.2,0.2
2019-08-01,20,20,20,32,32,32,142,142,142,59,59,59,3,3,3,0.2,0.2,0.2
2019-07-31,16,16,16,24,24,24,134,134,134,44,44,44,5,5,5,0.2,0.2,0.2
2019-07-30,15,15,15,20,20,20,148,148,148,46,46,46,7,7,7,0.2,0.2,0.2
2019-07-29,15,15,15,17,17,17,131,131,131,40,40,40,4,4,4,0.2,0.2,0.2
2019-07-28,14,14,14,20,20,20,111,111,111,32,32,32,2,2,2,0.2,0.2,0.2
2019-07-27,14,14,14,19,19,19,119,119,119,26,26,26,2,2,2,0.2,0.2,0.2
2019-07-26,16,16,16,23,23,23,156,156,156,41,41,41,3,3,3,0.3,0.3,0.3
2019-07-25,23,23,23,38,38,38,176,176,176,56,56,56,3,3,3,0.3,0.3,0.3
2019-07-24,30,30,30,42,42,42,199,199,199,71,71,71,1,1,1,0.3,0.3,0.3
2019-07-23,18,18,18,45,45,45,164,164,164,62,62,62,2,2,2,0.3,0.3,0.3
2019-07-22,36,36,36,40,40,40,158,158,158,72,72,72,3,3,3,0.3,0.3,0.3
2019-07-21,21,21,21,24,24,24,147,147,147,58,58,58,4,4,4,0.3,0.3,0.3
2019-07-20,29,29,29,32,32,32,157,157,157,50,50,50,1,1,1,0.3,0.3,0.3
2019-07-19,21,21,21,33,33,33,150,150,150,78,78,78,1,1,1,0.3,0.3,0.3
2019-07-18,21,21,21,28,28,28,127,127,127,54,54,54,2,2,2,0.2,0.2,0.2
2019-07-17,14,14,14,21,21,21,150,150,150,41,41,41,1,1,1,0.3,0.3,0.3
2019-07-16,12,12,12,20,20,20,118,118,118,77,77,77,2,2,2,0.2,0.2,0.2
2019-07-15,12,12,12,13,13,13,82,82,82,42,42,42,2,2,2,0.2,0.2,0.2
2019-07-14,7,7,7,11,11,11,113,113,113,26,26,26,3,3,3,0.2,0.2,0.2
2019-07-13,18,18,18,21,21,21,132,132,132,29,29,29,3,3,3,0.2,0.2,0.2
2019-07-12,11,11,11,20,20,20,142,142,142,43,43,43,1,1,1,0.2,0.2,0.2
2019-07-11,3,3,3,12,12,12,123,123,123,45,45,45,1,1,1,0.2,0.2,0.2
2019-07-10,8,8,8,18,18,18,109,109,109,27,27,27,"-","-","-",0.2,0.2,0.2
2019-07-09,8,8,8,17,17,17,103,103,103,26,26,26,2,2,2,0.3,0.3,0.3
2019-07-08,13,13,13,25,25,25,144,144,144,52,52,52,3,3,3,0.2,0.2,0.2
2019-07-07,13,13,13,27,27,27,144,144,144,26,26,26,3,3,3,0.2,0.2,0.2
2019-07-06,18,18,18,29,29,29,173,173,173,57,57,57,1,1,1,0.3,0.3,0.3
2019-07-05,17,17,17,32,32,32,180,180,180,67,67,67,2,2,2,0.3,0.3,0.3
2019-07-04,11,11,11,21,21,21,139,139,139,50,50,50,1,1,1,0.2,0.2,0.2
2019-07-03,14,14,14,24,24,24,182,182,182,47,47,47,1,1,1,0.2,0.2,0.2
2019-07-02,12,12,12,26,26,26,166,166,166,60,60,60,2,2,2,0.2,0.2,0.2
2019-07-01,19,19,19,35,35,35,182,182,182,81,81,81,2,2,2,0.3,0.3,0.3
2019-06-30,13,13,13,26,26,26,163,163,163,102,102,102,1,1,1,0.3,0.3,0.3
2019-06-29,10,10,10,24,24,24,136,136,136,30,30,30,1,1,1,0.2,0.2,0.2
2019-06-17,13,13,13,27,27,27,123,123,123,52,52,52,2,2,2,0.2,0.2,0.2
2019-06-16,8,8,8,21,21,21,125,125,125,30,30,30,6,6,6,0.2,0.2,0.2
2019-06-15,18,18,18,42,42,42,113,113,113,40,40,40,2,2,2,0.2,0.2,0.2
2019-06-14,12,12,12,28,28,28,128,128,128,43,43,43,5,5,5,0.2,0.2,0.2
2019-06-13,12,12,12,23,23,23,118,118,118,69,69,69,6,6,6,0.2,0.2,0.2
2019-06-12,19,19,19,36,36,36,100,100,100,29,29,29,3,3,3,0.3,0.3,0.3
2019-06-11,15,15,15,48,48,48,116,116,116,33,33,33,2,2,2,0.2,0.2,0.2
2019-06-10,19,19,19,41,41,41,103,103,103,40,40,40,3,3,3,0.3,0.3,0.3
2019-06-09,20,20,20,43,43,43,112,112,112,33,33,33,3,3,3,0.3,0.3,0.3
2019-06-08,12,12,12,28,28,28,116,116,116,40,40,40,1,1,1,0.2,0.2,0.2
2019-06-07,9,9,9,20,20,20,106,106,106,47,47,47,2,2,2,0.2,0.2,0.2
2019-06-06,12,12,12,25,25,25,100,100,100,20,20,20,1,1,1,0.2,0.2,0.2
2019-06-05,14,14,14,21,21,21,132,132,132,31,31,31,2,2,2,0.2,0.2,0.2
2019-06-04,18,18,18,31,31,31,149,149,149,43,43,43,4,4,4,0.3,0.3,0.3
2019-06-03,23,23,23,35,35,35,141,141,141,79,79,79,4,4,4,0.3,0.3,0.3
2019-06-02,12,12,12,21,21,21,134,134,134,72,72,72,3,3,3,0.4,0.4,0.4
2019-06-01,17,17,17,20,20,20,113,113,113,66,66,66,4,4,4,0.3,0.3,0.3
2019-05-31,7,7,7,9,9,9,104,104,104,89,89,89,2,2,2,0.2,0.2,0.2
2019-05-30,4,4,4,11,11,11,88,88,88,49,49,49,2,2,2,0.2,0.2,0.2
2019-05-29,5,5,5,5,5,5,68,68,68,46,46,46,2,2,2,0.2,0.2,0.2
2019-05-28,15,15,15,30,30,30,83,83,83,35,35,35,2,2,2,0.2,0.2,0.2
2019-05-27,14,14,14,15,15,15,76,76,76,29,29,29,2,2,2,0.2,0.2,0.2
2019-05-26,16,16,16,23,23,23,95,95,95,25,25,25,2,2,2,0.2,0.2,0.2
2019-05-25,16,16,16,22,22,22,111,111,111,35,35,35,2,2,2,0.2,0.2,0.2
2019-05-24,19,19,19,29,29,29,120,120,120,68,68,68,2,2,2,0.3,0.3,0.3
2019-05-23,13,13,13,19,19,19,113,113,113,54,54,54,2,2,2,0.2,0.2,0.2
2019-05-22,15,15,15,20,20,20,107,107,107,33,33,33,1,1,1,0.2,0.2,0.2
2019-05-21,13,13,13,17,17,17,91,91,91,31,31,31,5,5,5,0.2,0.2,0.2
2019-05-20,12,12,12,14,14,14,60,60,60,45,45,45,4,4,4,0.3,0.3,0.3
2019-05-19,9,9,9,10,10,10,63,63,63,33,33,33,2,2,2,0.3,0.3,0.3
2019-05-18,8,8,8,10,10,10,71,71,71,29,29,29,2,2,2,0.2,0.2,0.2
2019-05-17,10,10,10,16,16,16,85,85,85,32,32,32,2,2,2,0.2,0.2,0.2
2019-05-16,13,13,13,15,15,15,85,85,85,40,40,40,3,3,3,0.3,0.3,0.3
2019-05-15,9,9,9,13,13,13,71,71,71,51,51,51,1,1,1,0.3,0.3,0.3
2019-05-14,12,12,12,15,15,15,85,85,85,49,49,49,1,1,1,0.2,0.2,0.2
2019-05-13,7,7,7,12,12,12,58,58,58,52,52,52,1,1,1,0.2,0.2,0.2
2019-05-12,11,11,11,8,8,8,80,80,80,21,21,21,1,1,1,0.3,0.3,0.3
2019-05-11,17,17,17,22,22,22,88,88,88,36,36,36,2,2,2,0.4,0.4,0.4
2019-05-10,"-","-","-","-","-","-",99,99,99,82,82,82,1,1,1,0.4,0.4,0.4
2019-05-09,127,127,127,9,9,9,96,96,96,72,72,72,2,2,2,0.3,0.3,0.3
2019-05-08,6,6,6,9,9,9,79,79,79,42,42,42,2,2,2,0.2,0.2,0.2
2019-05-07,14,14,14,17,17,17,93,93,93,51,51,51,1,1,1,0.3,0.3,0.3
2019-05-06,"-","-","-","-","-","-",84,84,84,52,52,52,1,1,1,0.3,0.3,0.3
2019-05-05,"-","-","-",5,5,5,74,74,74,15,15,15,1,1,1,0.2,0.2,0.2
2019-05-04,"-","-","-",21,21,21,88,88,88,37,37,37,1,1,1,0.2,0.2,0.2
2019-05-03,"-","-","-",12,12,12,72,72,72,40,40,40,1,1,1,0.2,0.2,0.2
2019-05-02,"-","-","-",17,17,17,101,101,101,41,41,41,3,3,3,0.5,0.5,0.5
2019-05-01,"-","-","-",19,19,19,109,109,109,60,60,60,2,2,2,0.5,0.5,0.5
2019-04-30,"-","-","-",16,16,16,96,96,96,60,60,60,4,4,4,0.3,0.3,0.3
2019-04-29,"-","-","-",9,9,9,72,72,72,46,46,46,2,2,2,0.3,0.3,0.3
2019-04-28,"-","-","-",13,13,13,89,89,89,45,45,45,"-","-","-","-","-","-"
2019-04-27,"-","-","-","-","-","-",86,86,86,52,52,52,"-","-","-","-","-","-"
2019-04-26,"-","-","-","-","-","-",82,82,82,36,36,36,2,2,2,0.2,0.2,0.2
2019-04-25,5,5,5,44,44,44,67,67,67,29,29,29,1,1,1,0.3,0.3,0.3
2019-04-24,"-","-","-","-","-","-",58,58,58,43,43,43,1,1,1,0.3,0.3,0.3
2019-04-23,"-","-","-","-","-","-",86,86,86,21,21,21,1,1,1,0.2,0.2,0.2
2019-04-22,25,25,25,42,42,42,102,102,102,17,17,17,3,3,3,0.2,0.2,0.2
2019-04-21,16,16,16,20,20,20,119,119,119,34,34,34,2,2,2,0.2,0.2,0.2
2019-04-20,24,24,24,30,30,30,113,113,113,69,69,69,1,1,1,0.4,0.4,0.4
2019-04-19,23,23,23,26,26,26,108,108,108,101,101,101,2,2,2,0.4,0.4,0.4
2019-04-18,31,31,31,36,36,36,110,110,110,72,72,72,2,2,2,0.5,0.5,0.5
2019-04-17,42,42,42,50,50,50,110,110,110,102,102,102,2,2,2,0.5,0.5,0.5
2019-04-16,25,25,25,30,30,30,109,109,109,67,67,67,1,1,1,0.4,0.4,0.4
2019-04-15,20,20,20,23,23,23,84,84,84,61,61,61,4,4,4,0.4,0.4,0.4
2019-04-14,"-","-","-","-","-","-",55,55,55,23,23,23,2,2,2,0.3,0.3,0.3
2019-04-13,46,46,46,41,41,41,72,72,72,35,35,35,2,2,2,0.3,0.3,0.3
2019-04-12,16,16,16,20,20,20,65,65,65,50,50,50,3,3,3,0.3,0.3,0.3
2019-04-11,3,3,3,4,4,4,60,60,60,39,39,39,3,3,3,0.3,0.3,0.3
2019-04-10,23,23,23,27,27,27,81,81,81,67,67,67,5,5,5,0.3,0.3,0.3
2019-04-09,25,25,25,21,21,21,84,84,84,66,66,66,1,1,1,0.3,0.3,0.3
2019-04-08,21,21,21,26,26,26,98,98,98,42,42,42,3,3,3,0.2,0.2,0.2
2019-04-07,26,26,26,24,24,24,82,82,82,26,26,26,2,2,2,0.2,0.2,0.2
2019-04-06,33,33,33,34,34,34,66,66,66,40,40,40,2,2,2,0.2,0.2,0.2
2019-04-05,9,9,9,11,11,11,78,78,78,34,34,34,2,2,2,0.2,0.2,0.2
2019-04-04,5,5,5,-11,-11,-11,59,59,59,43,43,43,1,1,1,0.3,0.3,0.3
2019-04-03,21,21,21,27,27,27,81,81,81,69,69,69,2,2,2,0.3,0.3,0.3
2019-04-02,38,38,38,48,48,48,98,98,98,76,76,76,1,1,1,0.4,0.4,0.4
2019-04-01,41,41,41,60,60,60,97,97,97,104,104,104,2,2,2,0.5,0.5,0.5
2019-03-31,35,35,35,46,46,46,111,111,111,93,93,93,3,3,3,0.5,0.5,0.5
2019-03-30,30,30,30,40,40,40,94,94,94,115,115,115,3,3,3,0.4,0.4,0.4
2019-03-29,32,32,32,41,41,41,82,82,82,99,99,99,2,2,2,0.5,0.5,0.5
2019-03-28,19,19,19,25,25,25,79,79,79,82,82,82,1,1,1,0.3,0.3,0.3
2019-03-27,14,14,14,23,23,23,81,81,81,65,65,65,1,1,1,0.3,0.3,0.3
2019-03-26,8,8,8,14,14,14,79,79,79,45,45,45,1,1,1,0.2,0.2,0.2
2019-03-25,27,27,27,37,37,37,97,97,97,81,81,81,7,7,7,0.6,0.6,0.6
2019-03-24,42,42,42,53,53,53,99,99,99,121,121,121,19,19,19,0.7,0.7,0.7
2019-03-23,44,44,44,56,56,56,79,79,79,129,129,129,3,3,3,0.6,0.6,0.6
2019-03-22,41,41,41,55,55,55,80,80,80,108,108,108,18,18,18,0.7,0.7,0.7
2019-03-21,28,28,28,40,40,40,75,75,75,113,113,113,3,3,3,0.6,0.6,0.6
2019-03-20,18,18,18,22,22,22,77,77,77,63,63,63,2,2,2,0.3,0.3,0.3
2019-03-19,17,17,17,16,16,16,77,77,77,60,60,60,2,2,2,0.2,0.2,0.2
2019-03-18,7,7,7,12,12,12,73,73,73,32,32,32,1,1,1,0.4,0.4,0.4
2019-03-17,46,46,46,64,64,64,54,54,54,71,71,71,2,2,2,0.4,0.4,0.4
2019-03-16,37,37,37,51,51,51,62,62,62,73,73,73,4,4,4,0.4,0.4,0.4
2019-03-15,18,18,18,27,27,27,70,70,70,79,79,79,12,12,12,0.5,0.5,0.5
2019-03-14,29,29,29,36,36,36,65,65,65,106,106,106,8,8,8,0.5,0.5,0.5
2019-03-13,17,17,17,29,29,29,64,64,64,91,91,91,10,10,10,0.5,0.5,0.5
2019-03-12,11,11,11,18,18,18,70,70,70,99,99,99,5,5,5,0.5,0.5,0.5
2019-03-11,13,13,13,24,24,24,80,80,80,63,63,63,2,2,2,0.5,0.5,0.5
2019-03-10,19,19,19,32,32,32,66,66,66,89,89,89,5,5,5,0.5,0.5,0.5
2019-03-09,18,18,18,32,32,32,75,75,75,76,76,76,9,9,9,0.3,0.3,0.3
2019-03-08,24,24,24,36,36,36,71,71,71,76,76,76,32,32,32,0.5,0.5,0.5
2019-03-07,27,27,27,39,39,39,67,67,67,61,61,61,3,3,3,0.4,0.4,0.4
2019-03-06,42,42,42,55,55,55,39,39,39,90,90,90,5,5,5,0.8,0.8,0.8
2019-03-05,14,14,14,42,42,42,53,53,53,118,118,118,6,6,6,0.7,0.7,0.7
2019-03-04,51,51,51,70,70,70,18,18,18,75,75,75,4,4,4,0.6,0.6,0.6
2019-03-03,63,63,63,79,79,79,71,71,71,111,111,111,4,4,4,0.8,0.8,0.8
2019-03-02,49,49,49,67,67,67,59,59,59,111,111,111,11,11,11,0.7,0.7,0.7
2019-03-01,42,42,42,67,67,67,66,66,66,90,90,90,3,3,3,0.5,0.5,0.5
2019-02-28,53,53,53,67,67,67,75,75,75,87,87,87,4,4,4,0.9,0.9,0.9
2019-02-27,58,58,58,77,77,77,43,43,43,99,99,99,8,8,8,1,1,1
2019-02-26,50,50,50,70,70,70,45,45,45,112,112,112,10,10,10,0.9,0.9,0.9
2019-02-25,46,46,46,62,62,62,56,56,56,110,110,110,11,11,11,0.6,0.6,0.6
2019-02-24,29,29,29,39,39,39,72,72,72,89,89,89,4,4,4,0.5,0.5,0.5
2019-02-23,40,40,40,58,58,58,72,72,72,84,84,84,2,2,2,0.8,0.8,0.8
2019-02-22,67,67,67,81,81,81,47,47,47,83,83,83,10,10,10,1.1,1.1,1.1
2019-02-21,60,60,60,77,77,77,38,38,38,106,106,106,4,4,4,1,1,1
2019-02-20,57,57,57,72,72,72,28,28,28,76,76,76,4,4,4,0.8,0.8,0.8
2019-02-19,41,41,41,52,52,52,66,66,66,118,118,118,5,5,5,0.9,0.9,0.9
2019-02-18,60,60,60,75,75,75,63,63,63,139,139,139,5,5,5,1,1,1
2019-02-17,90,90,90,106,106,106,54,54,54,108,108,108,7,7,7,1.3,1.3,1.3
2019-02-16,81,81,81,99,99,99,43,43,43,115,115,115,9,9,9,1.1,1.1,1.1
2019-02-15,69,69,69,87,87,87,24,24,24,116,116,116,5,5,5,0.8,0.8,0.8
2019-02-14,55,55,55,67,67,67,36,36,36,123,123,123,7,7,7,0.9,0.9,0.9
2019-02-13,29,29,29,44,44,44,40,40,40,124,124,124,2,2,2,0.8,0.8,0.8
2019-02-12,14,14,14,22,22,22,54,54,54,96,96,96,6,6,6,0.4,0.4,0.4
2019-02-11,35,35,35,40,40,40,59,59,59,46,46,46,3,3,3,0.5,0.5,0.5
2019-02-10,79,79,79,91,91,91,16,16,16,51,51,51,3,3,3,0.7,0.7,0.7
2019-02-09,71,71,71,82,82,82,36,36,36,93,93,93,24,24,24,1.4,1.4,1.4
2019-02-08,68,68,68,78,78,78,20,20,20,130,130,130,6,6,6,1.4,1.4,1.4
2019-02-07,65,65,65,75,75,75,18,18,18,87,87,87,7,7,7,1.3,1.3,1.3
2019-02-06,63,63,63,78,78,78,25,25,25,133,133,133,6,6,6,1.3,1.3,1.3
2019-02-05,48,48,48,53,53,53,23,23,23,88,88,88,5,5,5,1.1,1.1,1.1
2019-02-04,19,19,19,36,36,36,34,34,34,112,112,112,3,3,3,1,1,1
2019-02-03,28,28,28,26,26,26,20,20,20,57,57,57,2,2,2,0.6,0.6,0.6
2019-02-02,32,32,32,35,35,35,10,10,10,52,52,52,3,3,3,0.6,0.6,0.6
2019-02-01,33,33,33,37,37,37,3,3,3,67,67,67,2,2,2,0.6,0.6,0.6
2019-01-31,35,35,35,42,42,42,4,4,4,54,54,54,1,1,1,0.5,0.5,0.5
2019-01-30,29,29,29,35,35,35,10,10,10,71,71,71,2,2,2,0.6,0.6,0.6
2019-01-29,45,45,45,53,53,53,18,18,18,84,84,84,6,6,6,0.9,0.9,0.9
2019-01-28,59,59,59,61,61,61,18,18,18,82,82,82,4,4,4,0.7,0.7,0.7
2019-01-27,78,78,78,82,82,82,4,4,4,61,61,61,4,4,4,0.9,0.9,0.9
2019-01-26,70,70,70,77,77,77,13,13,13,107,107,107,8,8,8,1.2,1.2,1.2
2019-01-25,34,34,34,63,63,63,17,17,17,103,103,103,8,8,8,1.1,1.1,1.1
2019-01-24,47,47,47,46,46,46,31,31,31,92,92,92,8,8,8,0.7,0.7,0.7
2019-01-23,37,37,37,41,41,41,30,30,30,55,55,55,2,2,2,1,1,1
2019-01-22,73,73,73,79,79,79,7,7,7,71,71,71,4,4,4,1,1,1
2019-01-21,69,69,69,77,77,77,5,5,5,71,71,71,3,3,3,1,1,1
2019-01-20,47,47,47,56,56,56,12,12,12,82,82,82,4,4,4,0.9,0.9,0.9
2019-01-19,14,14,14,19,19,19,42,42,42,57,57,57,1,1,1,0.5,0.5,0.5
2019-01-18,39,39,39,45,45,45,18,18,18,49,49,49,2,2,2,0.7,0.7,0.7
2019-01-17,54,54,54,64,64,64,2,2,2,57,57,57,2,2,2,1,1,1
2019-01-16,43,43,43,61,61,61,13,13,13,90,90,90,3,3,3,1.2,1.2,1.2
2019-01-15,21,21,21,36,36,36,51,51,51,120,120,120,4,4,4,1.2,1.2,1.2
2019-01-14,24,24,24,28,28,28,57,57,57,50,50,50,4,4,4,1.3,1.3,1.3
2019-01-13,72,72,72,84,84,84,7,7,7,91,91,91,3,3,3,1.3,1.3,1.3
2019-01-12,41,41,41,52,52,52,8,8,8,93,93,93,6,6,6,1.1,1.1,1.1
2019-01-11,34,34,34,47,47,47,11,11,11,98,98,98,4,4,4,1.1,1.1,1.1
2019-01-10,22,22,22,34,34,34,14,14,14,101,101,101,4,4,4,0.8,0.8,0.8
2019-01-09,32,32,32,41,41,41,28,28,28,58,58,58,3,3,3,0.6,0.6,0.6
2019-01-08,62,62,62,81,81,81,3,3,3,58,58,58,3,3,3,1.3,1.3,1.3
2019-01-07,96,96,96,100,100,100,9,9,9,102,102,102,2,2,2,1.6,1.6,1.6
2019-01-06,69,69,69,89,89,89,9,9,9,93,93,93,6,6,6,1.7,1.7,1.7
2019-01-05,63,63,63,73,73,73,7,7,7,81,81,81,6,6,6,1.2,1.2,1.2
2019-01-04,52,52,52,61,61,61,14,14,14,82,82,82,4,4,4,1.3,1.3,1.3
2019-01-03,28,28,28,47,47,47,30,30,30,94,94,94,4,4,4,1.2,1.2,1.2
2019-01-02,30,30,30,43,43,43,25,25,25,56,56,56,3,3,3,0.6,0.6,0.6
2019-01-01,56,56,56,68,68,68,11,11,11,42,42,42,1,1,1,0.9,0.9,0.9
