#Data for Bergamo Via Meucci, Lombardia from 2019/01/01 to 2020/04/03. [generated on 2020-04-03 05:44]
#Station is located at latitude 45.691044, longitude 9.64366225
#Values are unconverted and expressed in milligrams per cubic meter.
#Values are based on daily average
#Attribution: Agenzia Regionale per la Protezione dell'Ambiente della Lombardia)  https://ita.arpalombardia.it/ITA/
date,pm25,pm25_min,pm25_max,pm10,pm10_min,pm10_max,o3,o3_min,o3_max,no2,no2_min,no2_max,co,co_min,co_max
2020-04-01,18,18,18,17,17,17,83,83,83,34,34,34,0.3,0.3,0.3
2020-03-31,9,9,9,9,9,9,74,74,74,26,26,26,0.3,0.3,0.3
2020-03-30,15,15,15,29,29,29,95,95,95,16,16,16,0.3,0.3,0.3
2020-03-29,21,21,21,70,70,70,101,101,101,19,19,19,0.4,0.4,0.4
2020-03-28,30,30,30,90,90,90,98,98,98,28,28,28,0.4,0.4,0.4
2020-03-27,27,27,27,34,34,34,81,81,81,24,24,24,0.4,0.4,0.4
2020-03-26,21,21,21,25,25,25,71,71,71,20,20,20,0.3,0.3,0.3
2020-03-25,17,17,17,21,21,21,81,81,81,16,16,16,0.3,0.3,0.3
2020-03-24,18,18,18,22,22,22,91,91,91,32,32,32,0.4,0.4,0.4
2020-03-23,12,12,12,19,19,19,77,77,77,18,18,18,0.3,0.3,0.3
2020-03-22,23,23,23,26,26,26,80,80,80,15,15,15,0.3,0.3,0.3
2020-03-21,23,23,23,27,27,27,112,112,112,20,20,20,0.3,0.3,0.3
2020-03-20,34,34,34,41,41,41,114,114,114,32,32,32,0.4,0.4,0.4
2020-03-19,25,25,25,26,26,26,115,115,115,39,39,39,0.4,0.4,0.4
2020-03-18,35,35,35,37,37,37,110,110,110,36,36,36,0.4,0.4,0.4
2020-03-17,32,32,32,32,32,32,92,92,92,38,38,38,0.4,0.4,0.4
2020-03-16,18,18,18,21,21,21,85,85,85,35,35,35,0.4,0.4,0.4
2020-03-15,13,13,13,14,14,14,77,77,77,23,23,23,0.4,0.4,0.4
2020-03-14,27,27,27,30,30,30,74,74,74,24,24,24,0.4,0.4,0.4
2020-03-13,21,21,21,27,27,27,83,83,83,33,33,33,0.4,0.4,0.4
2020-03-12,35,35,35,41,41,41,71,71,71,35,35,35,0.5,0.5,0.5
2020-03-11,19,19,19,22,22,22,68,68,68,58,58,58,0.5,0.5,0.5
2020-03-10,14,14,14,17,17,17,84,84,84,36,36,36,0.4,0.4,0.4
2020-03-09,24,24,24,27,27,27,79,79,79,49,49,49,0.4,0.4,0.4
2020-03-08,12,12,12,13,13,13,95,95,95,38,38,38,0.4,0.4,0.4
2020-03-07,22,22,22,25,25,25,81,81,81,54,54,54,0.6,0.6,0.6
2020-03-06,22,22,22,21,21,21,63,63,63,60,60,60,0.5,0.5,0.5
2020-03-05,17,17,17,19,19,19,75,75,75,36,36,36,0.5,0.5,0.5
2020-03-04,15,15,15,16,16,16,78,78,78,64,64,64,0.6,0.6,0.6
2020-03-03,15,15,15,18,18,18,71,71,71,43,43,43,0.6,0.6,0.6
2020-03-02,18,18,18,19,19,19,69,69,69,31,31,31,0.5,0.5,0.5
2020-03-01,19,19,19,20,20,20,62,62,62,29,29,29,0.4,0.4,0.4
2020-02-29,26,26,26,25,25,25,74,74,74,52,52,52,0.6,0.6,0.6
2020-02-28,15,15,15,12,12,12,92,92,92,71,71,71,0.6,0.6,0.6
2020-02-27,11,11,11,13,13,13,81,81,81,53,53,53,0.3,0.3,0.3
2020-02-26,19,19,19,24,24,24,91,91,91,42,42,42,0.5,0.5,0.5
2020-02-25,37,37,37,48,48,48,73,73,73,48,48,48,0.4,0.4,0.4
2020-02-24,46,46,46,57,57,57,66,66,66,50,50,50,0.5,0.5,0.5
2020-02-23,42,42,42,47,47,47,97,97,97,46,46,46,0.6,0.6,0.6
2020-02-22,40,40,40,45,45,45,79,79,79,65,65,65,0.6,0.6,0.6
2020-02-21,37,37,37,40,40,40,45,45,45,68,68,68,0.7,0.7,0.7
2020-02-20,20,20,20,21,21,21,73,73,73,66,66,66,0.7,0.7,0.7
2020-02-19,34,34,34,39,39,39,82,82,82,49,49,49,0.6,0.6,0.6
2020-02-18,49,49,49,57,57,57,41,41,41,57,57,57,0.6,0.6,0.6
2020-02-17,70,70,70,83,83,83,39,39,39,61,61,61,0.7,0.7,0.7
2020-02-16,61,61,61,67,67,67,69,69,69,52,52,52,0.8,0.8,0.8
2020-02-15,33,33,33,37,37,37,64,64,64,72,72,72,0.7,0.7,0.7
2020-02-14,28,28,28,32,32,32,56,56,56,64,64,64,0.7,0.7,0.7
2020-02-13,24,24,24,26,26,26,70,70,70,74,74,74,0.6,0.6,0.6
2020-02-12,8,8,8,7,7,7,96,96,96,32,32,32,0.3,0.3,0.3
2020-02-11,15,15,15,15,15,15,92,92,92,51,51,51,0.8,0.8,0.8
2020-02-10,42,42,42,48,48,48,70,70,70,62,62,62,0.8,0.8,0.8
2020-02-09,61,61,61,66,66,66,51,51,51,58,58,58,0.7,0.7,0.7
2020-02-08,51,51,51,63,63,63,41,41,41,59,59,59,0.8,0.8,0.8
2020-02-07,28,28,28,34,34,34,64,64,64,72,72,72,0.8,0.8,0.8
2020-02-06,22,22,22,25,25,25,65,65,65,66,66,66,0.7,0.7,0.7
2020-02-05,10,10,10,10,10,10,89,89,89,69,69,69,0.5,0.5,0.5
2020-02-04,17,17,17,21,21,21,90,90,90,37,37,37,0.5,0.5,0.5
2020-02-03,37,37,37,48,48,48,11,11,11,86,86,86,1.2,1.2,1.2
2020-02-02,38,38,38,44,44,44,17,17,17,37,37,37,0.8,0.8,0.8
2020-02-01,69,69,69,79,79,79,21,21,21,56,56,56,1,1,1
2020-01-31,50,50,50,61,61,61,43,43,43,77,77,77,1,1,1
2020-01-30,38,38,38,45,45,45,69,69,69,69,69,69,0.9,0.9,0.9
2020-01-29,17,17,17,20,20,20,79,79,79,62,62,62,0.8,0.8,0.8
2020-01-28,32,32,32,38,38,38,42,42,42,54,54,54,0.7,0.7,0.7
2020-01-27,59,59,59,72,72,72,30,30,30,68,68,68,0.8,0.8,0.8
2020-01-26,73,73,73,82,82,82,34,34,34,65,65,65,1.2,1.2,1.2
2020-01-25,63,63,63,69,69,69,29,29,29,72,72,72,1.1,1.1,1.1
2020-01-24,50,50,50,58,58,58,26,26,26,66,66,66,0.9,0.9,0.9
2020-01-23,43,43,43,50,50,50,51,51,51,65,65,65,1.1,1.1,1.1
2020-01-22,40,40,40,48,48,48,24,24,24,75,75,75,1.1,1.1,1.1
2020-01-21,31,31,31,39,39,39,47,47,47,74,74,74,1,1,1
2020-01-20,17,17,17,24,24,24,66,66,66,66,66,66,0.9,0.9,0.9
2020-01-19,18,18,18,19,19,19,60,60,60,44,44,44,0.7,0.7,0.7
2020-01-18,28,28,28,31,31,31,56,56,56,57,57,57,0.9,0.9,0.9
2020-01-17,44,44,44,51,51,51,33,33,33,79,79,79,1,1,1
2020-01-16,85,85,85,93,93,93,18,18,18,60,60,60,1.2,1.2,1.2
2020-01-15,89,89,89,99,99,99,9,9,9,70,70,70,1.7,1.7,1.7
2020-01-14,62,62,62,72,72,72,26,26,26,86,86,86,1.8,1.8,1.8
2020-01-13,41,41,41,46,46,46,44,44,44,71,71,71,0.9,0.9,0.9
2020-01-12,24,24,24,26,26,26,50,50,50,50,50,50,0.9,0.9,0.9
2020-01-11,31,31,31,36,36,36,42,42,42,70,70,70,1.9,1.9,1.9
2020-01-10,40,40,40,49,49,49,38,38,38,83,83,83,2,2,2
2020-01-09,48,48,48,55,55,55,35,35,35,98,98,98,1.7,1.7,1.7
2020-01-08,68,68,68,82,82,82,13,13,13,84,84,84,1.6,1.6,1.6
2020-01-07,45,45,45,57,57,57,23,23,23,66,66,66,1.3,1.3,1.3
2020-01-06,23,23,23,30,30,30,59,59,59,46,46,46,0.8,0.8,0.8
2020-01-05,20,20,20,21,21,21,75,75,75,52,52,52,0.8,0.8,0.8
2020-01-04,27,27,27,32,32,32,24,24,24,55,55,55,1.1,1.1,1.1
2020-01-03,40,40,40,49,49,49,14,14,14,56,56,56,1.2,1.2,1.2
2020-01-02,43,43,43,52,52,52,32,32,32,64,64,64,1.2,1.2,1.2
2020-01-01,39,39,39,42,42,42,50,50,50,53,53,53,0.9,0.9,0.9
2019-12-31,44,44,44,48,48,48,30,30,30,51,51,51,0.9,0.9,0.9
2019-12-30,54,54,54,62,62,62,35,35,35,48,48,48,0.8,0.8,0.8
2019-12-29,44,44,44,48,48,48,21,21,21,42,42,42,0.7,0.7,0.7
2019-12-28,26,26,26,29,29,29,50,50,50,45,45,45,0.9,0.9,0.9
2019-12-27,27,27,27,32,32,32,47,47,47,53,53,53,0.9,0.9,0.9
2019-12-26,16,16,16,18,18,18,54,54,54,48,48,48,0.8,0.8,0.8
2019-12-25,13,13,13,14,14,14,81,81,81,44,44,44,0.7,0.7,0.7
2019-12-24,14,14,14,15,15,15,61,61,61,50,50,50,0.7,0.7,0.7
2019-12-23,8,8,8,3,3,3,76,76,76,34,34,34,0.4,0.4,0.4
2019-12-22,4,4,4,4,4,4,65,65,65,38,38,38,0.6,0.6,0.6
2019-12-21,7,7,7,12,12,12,50,50,50,47,47,47,0.6,0.6,0.6
2019-12-20,10,10,10,18,18,18,56,56,56,41,41,41,0.9,0.9,0.9
2019-12-19,17,17,17,25,25,25,16,16,16,50,50,50,0.9,0.9,0.9
2019-12-18,32,32,32,38,38,38,6,6,6,43,43,43,0.8,0.8,0.8
2019-12-17,32,32,32,40,40,40,6,6,6,62,62,62,1,1,1
2019-12-16,25,25,25,28,28,28,13,13,13,52,52,52,0.8,0.8,0.8
2019-12-15,31,31,31,35,35,35,17,17,17,53,53,53,0.9,0.9,0.9
2019-12-14,15,15,15,18,18,18,45,45,45,72,72,72,0.7,0.7,0.7
2019-12-13,19,19,19,19,19,19,39,39,39,51,51,51,0.6,0.6,0.6
2019-12-12,26,26,26,30,30,30,22,22,22,55,55,55,0.8,0.8,0.8
2019-12-11,24,24,24,30,30,30,56,56,56,78,78,78,0.9,0.9,0.9
2019-12-10,28,28,28,28,28,28,76,76,76,63,63,63,1,1,1
2019-12-09,74,74,74,83,83,83,12,12,12,60,60,60,1.1,1.1,1.1
2019-12-08,53,53,53,59,59,59,29,29,29,63,63,63,1.1,1.1,1.1
2019-12-07,57,57,57,67,67,67,29,29,29,56,56,56,1.2,1.2,1.2
2019-12-06,49,49,49,60,60,60,13,13,13,72,72,72,1.1,1.1,1.1
2019-12-05,31,31,31,41,41,41,38,38,38,65,65,65,0.9,0.9,0.9
2019-12-04,24,24,24,27,27,27,47,47,47,60,60,60,0.6,0.6,0.6
2019-12-03,15,15,15,17,17,17,34,34,34,47,47,47,0.7,0.7,0.7
2019-12-02,15,15,15,19,19,19,37,37,37,44,44,44,0.8,0.8,0.8
2019-12-01,21,21,21,23,23,23,34,34,34,38,38,38,0.6,0.6,0.6
2019-11-30,24,24,24,29,29,29,20,20,20,53,53,53,0.8,0.8,0.8
2019-11-29,16,16,16,22,22,22,24,24,24,47,47,47,0.8,0.8,0.8
2019-11-28,16,16,16,19,19,19,25,25,25,44,44,44,0.8,0.8,0.8
2019-11-27,13,13,13,16,16,16,55,55,55,42,42,42,0.9,0.9,0.9
2019-11-26,16,16,16,26,26,26,20,20,20,47,47,47,0.9,0.9,0.9
2019-11-25,9,9,9,16,16,16,50,50,50,56,56,56,0.9,0.9,0.9
2019-11-24,5,5,5,6,6,6,82,82,82,33,33,33,0.5,0.5,0.5
2019-11-23,"-","-","-",4,4,4,80,80,80,23,23,23,0.3,0.3,0.3
2019-11-22,14,14,14,18,18,18,61,61,61,46,46,46,0.7,0.7,0.7
2019-11-21,28,28,28,39,39,39,24,24,24,43,43,43,0.5,0.5,0.5
2019-11-20,11,11,11,15,15,15,46,46,46,47,47,47,0.4,0.4,0.4
2019-11-19,4,4,4,5,5,5,70,70,70,65,65,65,0.5,0.5,0.5
2019-11-18,12,12,12,15,15,15,61,61,61,53,53,53,0.6,0.6,0.6
2019-11-17,12,12,12,13,13,13,43,43,43,41,41,41,0.5,0.5,0.5
2019-11-16,15,15,15,17,17,17,61,61,61,41,41,41,0.6,0.6,0.6
2019-11-15,8,8,8,10,10,10,77,77,77,42,42,42,0.5,0.5,0.5
2019-11-14,10,10,10,15,15,15,74,74,74,54,54,54,0.8,0.8,0.8
2019-11-13,24,24,24,30,30,30,24,24,24,50,50,50,0.9,0.9,0.9
2019-11-12,8,8,8,12,12,12,46,46,46,48,48,48,0.6,0.6,0.6
2019-11-11,11,11,11,15,15,15,38,38,38,46,46,46,0.7,0.7,0.7
2019-11-10,18,18,18,23,23,23,57,57,57,39,39,39,0.7,0.7,0.7
2019-11-09,15,15,15,18,18,18,46,46,46,45,45,45,0.6,0.6,0.6
2019-11-08,4,4,4,5,5,5,68,68,68,38,38,38,0.5,0.5,0.5
2019-11-07,8,8,8,10,10,10,60,60,60,43,43,43,0.5,0.5,0.5
2019-11-06,8,8,8,13,13,13,47,47,47,44,44,44,0.5,0.5,0.5
2019-11-05,10,10,10,13,13,13,50,50,50,47,47,47,0.5,0.5,0.5
2019-11-04,7,7,7,14,14,14,40,40,40,42,42,42,0.6,0.6,0.6
2019-11-03,4,4,4,4,4,4,66,66,66,29,29,29,0.4,0.4,0.4
2019-11-02,25,25,25,30,30,30,27,27,27,28,28,28,0.4,0.4,0.4
2019-11-01,19,19,19,24,24,24,31,31,31,35,35,35,0.4,0.4,0.4
2019-10-31,16,16,16,20,20,20,40,40,40,35,35,35,0.3,0.3,0.3
2019-10-30,17,17,17,24,24,24,36,36,36,31,31,31,0.3,0.3,0.3
2019-10-29,27,27,27,32,32,32,65,65,65,40,40,40,0.6,0.6,0.6
2019-10-28,27,27,27,39,39,39,65,65,65,51,51,51,0.7,0.7,0.7
2019-10-27,12,12,12,21,21,21,70,70,70,48,48,48,0.6,0.6,0.6
2019-10-26,13,13,13,22,22,22,55,55,55,54,54,54,0.6,0.6,0.6
2019-10-25,9,9,9,18,18,18,41,41,41,46,46,46,0.5,0.5,0.5
2019-10-24,15,15,15,23,23,23,45,45,45,36,36,36,0.5,0.5,0.5
2019-10-23,10,10,10,23,23,23,56,56,56,51,51,51,0.4,0.4,0.4
2019-10-22,7,7,7,14,14,14,71,71,71,46,46,46,0.4,0.4,0.4
2019-10-21,3,3,3,7,7,7,72,72,72,33,33,33,0.3,0.3,0.3
2019-10-20,6,6,6,10,10,10,67,67,67,27,27,27,0.3,0.3,0.3
2019-10-19,10,10,10,11,11,11,62,62,62,28,28,28,0.3,0.3,0.3
2019-10-18,16,16,16,28,28,28,38,38,38,51,51,51,0.5,0.5,0.5
2019-10-17,12,12,12,21,21,21,75,75,75,54,54,54,0.5,0.5,0.5
2019-10-16,6,6,6,11,11,11,95,95,95,50,50,50,0.4,0.4,0.4
2019-10-15,28,28,28,39,39,39,55,55,55,40,40,40,0.5,0.5,0.5
2019-10-14,37,37,37,49,49,49,76,76,76,57,57,57,0.5,0.5,0.5
2019-10-13,33,33,33,43,43,43,85,85,85,44,44,44,0.5,0.5,0.5
2019-10-12,30,30,30,39,39,39,80,80,80,46,46,46,0.4,0.4,0.4
2019-10-11,23,23,23,28,28,28,73,73,73,55,55,55,0.5,0.5,0.5
2019-10-10,11,11,11,15,15,15,62,62,62,45,45,45,0.4,0.4,0.4
2019-10-09,21,21,21,27,27,27,50,50,50,36,36,36,0.4,0.4,0.4
2019-10-08,19,19,19,25,25,25,71,71,71,46,46,46,0.4,0.4,0.4
2019-10-07,11,11,11,12,12,12,68,68,68,47,47,47,0.4,0.4,0.4
2019-10-06,24,24,24,30,30,30,91,91,91,23,23,23,0.5,0.5,0.5
2019-10-05,19,19,19,27,27,27,83,83,83,56,56,56,0.4,0.4,0.4
2019-10-04,14,14,14,19,19,19,68,68,68,44,44,44,0.4,0.4,0.4
2019-10-03,10,10,10,7,7,7,83,83,83,53,53,53,0.3,0.3,0.3
2019-10-02,10,10,10,18,18,18,94,94,94,54,54,54,0.3,0.3,0.3
2019-10-01,20,20,20,33,33,33,113,113,113,46,46,46,0.4,0.4,0.4
2019-09-30,12,12,12,20,20,20,118,118,118,67,67,67,0.4,0.4,0.4
2019-09-29,10,10,10,17,17,17,109,109,109,19,19,19,0.3,0.3,0.3
2019-09-28,26,26,26,36,36,36,108,108,108,42,42,42,0.4,0.4,0.4
2019-09-27,48,48,48,59,59,59,97,97,97,51,51,51,0.8,0.8,0.8
2019-09-26,32,32,32,36,36,36,101,101,101,51,51,51,0.4,0.4,0.4
2019-09-25,16,16,16,21,21,21,98,98,98,55,55,55,0.4,0.4,0.4
2019-09-24,8,8,8,14,14,14,84,84,84,53,53,53,0.4,0.4,0.4
2019-09-23,24,24,24,30,30,30,53,53,53,45,45,45,0.4,0.4,0.4
2019-09-22,19,19,19,26,26,26,81,81,81,22,22,22,0.3,0.3,0.3
2019-09-21,14,14,14,21,21,21,107,107,107,36,36,36,0.3,0.3,0.3
2019-09-20,13,13,13,21,21,21,93,93,93,41,41,41,0.6,0.6,0.6
2019-09-19,15,15,15,19,19,19,70,70,70,38,38,38,0.3,0.3,0.3
2019-09-18,25,25,25,35,35,35,138,138,138,37,37,37,0.4,0.4,0.4
2019-09-17,28,28,28,37,37,37,176,176,176,51,51,51,0.5,0.5,0.5
2019-09-16,33,33,33,40,40,40,180,180,180,59,59,59,0.4,0.4,0.4
2019-09-15,20,20,20,26,26,26,152,152,152,36,36,36,0.4,0.4,0.4
2019-09-14,26,26,26,34,34,34,167,167,167,48,48,48,0.4,0.4,0.4
2019-09-13,21,21,21,30,30,30,184,184,184,51,51,51,0.5,0.5,0.5
2019-09-12,15,15,15,22,22,22,153,153,153,57,57,57,0.4,0.4,0.4
2019-09-11,10,10,10,16,16,16,124,124,124,47,47,47,0.4,0.4,0.4
2019-09-10,4,4,4,9,9,9,105,105,105,32,32,32,0.3,0.3,0.3
2019-09-09,6,6,6,9,9,9,85,85,85,34,34,34,0.3,0.3,0.3
2019-09-08,3,3,3,3,3,3,83,83,83,22,22,22,0.3,0.3,0.3
2019-09-07,8,8,8,11,11,11,96,96,96,18,18,18,0.3,0.3,0.3
2019-09-06,7,7,7,9,9,9,82,82,82,29,29,29,0.2,0.2,0.2
2019-09-05,18,18,18,26,26,26,146,146,146,23,23,23,0.3,0.3,0.3
2019-09-04,11,11,11,18,18,18,132,132,132,35,35,35,0.3,0.3,0.3
2019-09-03,8,8,8,12,12,12,122,122,122,29,29,29,0.3,0.3,0.3
2019-09-02,7,7,7,10,10,10,136,136,136,28,28,28,0.3,0.3,0.3
2019-09-01,9,9,9,10,10,10,159,159,159,22,22,22,0.2,0.2,0.2
2019-08-31,9,9,9,9,9,9,122,122,122,14,14,14,0.2,0.2,0.2
2019-08-30,16,16,16,18,18,18,170,170,170,22,22,22,0.3,0.3,0.3
2019-08-29,12,12,12,15,15,15,175,175,175,39,39,39,0.3,0.3,0.3
2019-08-28,15,15,15,21,21,21,106,106,106,43,43,43,0.3,0.3,0.3
2019-08-27,17,17,17,19,19,19,168,168,168,31,31,31,0.3,0.3,0.3
2019-08-26,10,10,10,14,14,14,156,156,156,15,15,15,0.2,0.2,0.2
2019-08-25,14,14,14,15,15,15,130,130,130,12,12,12,0.2,0.2,0.2
2019-08-24,10,10,10,12,12,12,115,115,115,18,18,18,0.2,0.2,0.2
2019-08-23,9,9,9,13,13,13,103,103,103,22,22,22,0.3,0.3,0.3
2019-08-22,5,5,5,8,8,8,139,139,139,24,24,24,0.3,0.3,0.3
2019-08-21,14,14,14,15,15,15,147,147,147,23,23,23,0.2,0.2,0.2
2019-08-20,9,9,9,13,13,13,143,143,143,14,14,14,0.4,0.4,0.4
2019-08-19,12,12,12,17,17,17,143,143,143,"-","-","-",0.3,0.3,0.3
2019-08-18,14,14,14,16,16,16,147,147,147,"-","-","-",0.3,0.3,0.3
2019-08-17,8,8,8,10,10,10,132,132,132,"-","-","-",0.2,0.2,0.2
2019-08-16,5,5,5,10,10,10,122,122,122,"-","-","-",0.2,0.2,0.2
2019-08-15,5,5,5,8,8,8,122,122,122,"-","-","-",0.2,0.2,0.2
2019-08-14,5,5,5,6,6,6,118,118,118,85,85,85,0.2,0.2,0.2
2019-08-13,6,6,6,12,12,12,115,115,115,25,25,25,0.2,0.2,0.2
2019-08-12,10,10,10,18,18,18,104,104,104,21,21,21,0.2,0.2,0.2
2019-08-11,17,17,17,24,24,24,131,131,131,14,14,14,0.3,0.3,0.3
2019-08-10,18,18,18,22,22,22,150,150,150,22,22,22,0.3,0.3,0.3
2019-08-09,15,15,15,21,21,21,158,158,158,26,26,26,0.3,0.3,0.3
2019-08-08,9,9,9,15,15,15,173,173,173,31,31,31,0.3,0.3,0.3
2019-08-07,5,5,5,10,10,10,120,120,120,36,36,36,0.2,0.2,0.2
2019-08-06,12,12,12,18,18,18,158,158,158,25,25,25,0.3,0.3,0.3
2019-08-05,11,11,11,16,16,16,195,195,195,36,36,36,0.3,0.3,0.3
2019-08-04,8,8,8,12,12,12,155,155,155,23,23,23,0.3,0.3,0.3
2019-08-03,6,6,6,8,8,8,176,176,176,30,30,30,0.3,0.3,0.3
2019-08-02,8,8,8,10,10,10,141,141,141,24,24,24,0.2,0.2,0.2
2019-08-01,16,16,16,20,20,20,167,167,167,26,26,26,0.3,0.3,0.3
2019-07-31,10,10,10,14,14,14,157,157,157,31,31,31,0.3,0.3,0.3
2019-07-30,13,13,13,17,17,17,190,190,190,35,35,35,0.3,0.3,0.3
2019-07-29,10,10,10,12,12,12,153,153,153,30,30,30,0.3,0.3,0.3
2019-07-28,7,7,7,12,12,12,132,132,132,20,20,20,0.2,0.2,0.2
2019-07-27,7,7,7,13,13,13,126,126,126,25,25,25,0.2,0.2,0.2
2019-07-26,14,14,14,19,19,19,216,216,216,31,31,31,0.3,0.3,0.3
2019-07-25,26,26,26,34,34,34,243,243,243,36,36,36,0.3,0.3,0.3
2019-07-24,27,27,27,36,36,36,266,266,266,31,31,31,0.3,0.3,0.3
2019-07-23,27,27,27,36,36,36,220,220,220,37,37,37,0.4,0.4,0.4
2019-07-22,22,22,22,30,30,30,240,240,240,32,32,32,0.3,0.3,0.3
2019-07-21,18,18,18,23,23,23,175,175,175,32,32,32,0.3,0.3,0.3
2019-07-20,18,18,18,24,24,24,179,179,179,24,24,24,0.3,0.3,0.3
2019-07-19,17,17,17,20,20,20,199,199,199,43,43,43,0.3,0.3,0.3
2019-07-18,12,12,12,16,16,16,156,156,156,25,25,25,0.3,0.3,0.3
2019-07-17,11,11,11,12,12,12,190,190,190,32,32,32,0.2,0.2,0.2
2019-07-16,7,7,7,10,10,10,158,158,158,42,42,42,0.2,0.2,0.2
2019-07-15,5,5,5,7,7,7,103,103,103,25,25,25,0.2,0.2,0.2
2019-07-14,7,7,7,9,9,9,135,135,135,22,22,22,0.2,0.2,0.2
2019-07-13,18,18,18,21,21,21,151,151,151,29,29,29,0.2,0.2,0.2
2019-07-12,14,14,14,22,22,22,175,175,175,35,35,35,0.2,0.2,0.2
2019-07-11,13,13,13,20,20,20,138,138,138,42,42,42,0.4,0.4,0.4
2019-07-10,16,16,16,19,19,19,141,141,141,30,30,30,0.4,0.4,0.4
2019-07-09,12,12,12,16,16,16,144,144,144,26,26,26,0.4,0.4,0.4
2019-07-08,14,14,14,19,19,19,183,183,183,28,28,28,0.4,0.4,0.4
2019-07-07,15,15,15,17,17,17,151,151,151,27,27,27,0.4,0.4,0.4
2019-07-06,17,17,17,23,23,23,189,189,189,20,20,20,0.4,0.4,0.4
2019-07-05,18,18,18,22,22,22,218,218,218,34,34,34,0.4,0.4,0.4
2019-07-04,10,10,10,12,12,12,176,176,176,31,31,31,0.4,0.4,0.4
2019-07-03,12,12,12,24,24,24,204,204,204,24,24,24,0.4,0.4,0.4
2019-07-02,12,12,12,18,18,18,221,221,221,27,27,27,0.4,0.4,0.4
2019-07-01,17,17,17,27,27,27,215,215,215,32,32,32,0.4,0.4,0.4
2019-06-30,18,18,18,27,27,27,210,210,210,30,30,30,0.4,0.4,0.4
2019-06-29,16,16,16,24,24,24,186,186,186,23,23,23,0.3,0.3,0.3
2019-06-17,17,17,17,22,22,22,155,155,155,26,26,26,0.3,0.3,0.3
2019-06-16,8,8,8,12,12,12,151,151,151,33,33,33,0.2,0.2,0.2
2019-06-15,21,21,21,34,34,34,154,154,154,32,32,32,0.2,0.2,0.2
2019-06-14,16,16,16,19,19,19,154,154,154,36,36,36,0.5,0.5,0.5
2019-06-13,11,11,11,14,14,14,137,137,137,48,48,48,0.3,0.3,0.3
2019-06-12,21,21,21,35,35,35,138,138,138,31,31,31,0.2,0.2,0.2
2019-06-11,23,23,23,43,43,43,126,126,126,23,23,23,0.2,0.2,0.2
2019-06-10,19,19,19,33,33,33,102,102,102,43,43,43,0.3,0.3,0.3
2019-06-09,17,17,17,27,27,27,120,120,120,17,17,17,0.3,0.3,0.3
2019-06-08,16,16,16,27,27,27,138,138,138,40,40,40,0.3,0.3,0.3
2019-06-07,19,19,19,24,24,24,119,119,119,29,29,29,0.5,0.5,0.5
2019-06-06,21,21,21,27,27,27,132,132,132,29,29,29,0.3,0.3,0.3
2019-06-05,25,25,25,32,32,32,166,166,166,53,53,53,0.3,0.3,0.3
2019-06-04,21,21,21,27,27,27,162,162,162,50,50,50,0.3,0.3,0.3
2019-06-03,16,16,16,20,20,20,170,170,170,41,41,41,0.3,0.3,0.3
2019-06-02,16,16,16,20,20,20,154,154,154,45,45,45,0.3,0.3,0.3
2019-06-01,13,13,13,16,16,16,141,141,141,50,50,50,0.3,0.3,0.3
2019-05-31,10,10,10,11,11,11,125,125,125,53,53,53,0.3,0.3,0.3
2019-05-30,9,9,9,11,11,11,104,104,104,25,25,25,0.2,0.2,0.2
2019-05-29,9,9,9,10,10,10,73,73,73,32,32,32,0.2,0.2,0.2
2019-05-28,10,10,10,11,11,11,80,80,80,32,32,32,0.3,0.3,0.3
2019-05-27,11,11,11,18,18,18,84,84,84,46,46,46,0.3,0.3,0.3
2019-05-26,6,6,6,10,10,10,107,107,107,22,22,22,0.2,0.2,0.2
2019-05-25,13,13,13,17,17,17,112,112,112,30,30,30,0.2,0.2,0.2
2019-05-24,21,21,21,26,26,26,138,138,138,29,29,29,0.3,0.3,0.3
2019-05-23,15,15,15,18,18,18,137,137,137,54,54,54,0.3,0.3,0.3
2019-05-22,14,14,14,19,19,19,96,96,96,40,40,40,0.3,0.3,0.3
2019-05-21,11,11,11,16,16,16,93,93,93,35,35,35,0.3,0.3,0.3
2019-05-20,14,14,14,17,17,17,50,50,50,53,53,53,0.3,0.3,0.3
2019-05-19,14,14,14,17,17,17,51,51,51,27,27,27,0.3,0.3,0.3
2019-05-18,10,10,10,13,13,13,70,70,70,28,28,28,0.3,0.3,0.3
2019-05-17,18,18,18,21,21,21,92,92,92,38,38,38,0.6,0.6,0.6
2019-05-16,18,18,18,26,26,26,94,94,94,53,53,53,0.3,0.3,0.3
2019-05-15,13,13,13,18,18,18,84,84,84,40,40,40,0.2,0.2,0.2
2019-05-14,16,16,16,21,21,21,91,91,91,42,42,42,0.3,0.3,0.3
2019-05-13,13,13,13,16,16,16,54,54,54,68,68,68,0.3,0.3,0.3
2019-05-12,9,9,9,12,12,12,78,78,78,36,36,36,0.2,0.2,0.2
2019-05-11,19,19,19,27,27,27,95,95,95,36,36,36,0.3,0.3,0.3
2019-05-10,18,18,18,25,25,25,112,112,112,71,71,71,0.4,0.4,0.4
2019-05-09,6,6,6,9,9,9,103,103,103,53,53,53,0.3,0.3,0.3
2019-05-08,18,18,18,26,26,26,87,87,87,69,69,69,0.3,0.3,0.3
2019-05-07,11,11,11,13,13,13,106,106,106,44,44,44,0.3,0.3,0.3
2019-05-06,8,8,8,11,11,11,83,83,83,54,54,54,0.3,0.3,0.3
2019-05-05,3,3,3,6,6,6,83,83,83,19,19,19,0.2,0.2,0.2
2019-05-04,9,9,9,12,12,12,96,96,96,26,26,26,0.2,0.2,0.2
2019-05-03,8,8,8,11,11,11,95,95,95,29,29,29,0.4,0.4,0.4
2019-05-02,16,16,16,21,21,21,114,114,114,30,30,30,0.3,0.3,0.3
2019-05-01,12,12,12,16,16,16,130,130,130,48,48,48,0.3,0.3,0.3
2019-04-30,15,15,15,18,18,18,94,94,94,74,74,74,0.3,0.3,0.3
2019-04-29,10,10,10,13,13,13,80,80,80,44,44,44,0.2,0.2,0.2
2019-04-28,6,6,6,8,8,8,95,95,95,27,27,27,0.2,0.2,0.2
2019-04-27,5,5,5,7,7,7,99,99,99,40,40,40,0.3,0.3,0.3
2019-04-26,13,13,13,27,27,27,86,86,86,35,35,35,0.2,0.2,0.2
2019-04-25,11,11,11,20,20,20,76,76,76,20,20,20,0.2,0.2,0.2
2019-04-24,11,11,11,18,18,18,67,67,67,44,44,44,0.3,0.3,0.3
2019-04-23,12,12,12,16,16,16,94,94,94,36,36,36,0.3,0.3,0.3
2019-04-22,19,19,19,24,24,24,116,116,116,24,24,24,0.2,0.2,0.2
2019-04-20,"-","-","-","-","-","-",113,113,113,42,42,42,0.3,0.3,0.3
2019-04-19,22,22,22,27,27,27,121,121,121,64,64,64,0.4,0.4,0.4
2019-04-18,23,23,23,31,31,31,137,137,137,66,66,66,0.3,0.3,0.3
2019-04-17,19,19,19,22,22,22,109,109,109,71,71,71,0.4,0.4,0.4
2019-04-16,20,20,20,24,24,24,103,103,103,58,58,58,0.3,0.3,0.3
2019-04-15,11,11,11,11,11,11,80,80,80,48,48,48,0.3,0.3,0.3
2019-04-14,6,6,6,9,9,9,98,98,98,35,35,35,0.3,0.3,0.3
2019-04-13,21,21,21,28,28,28,69,69,69,41,41,41,0.3,0.3,0.3
2019-04-12,14,14,14,17,17,17,68,68,68,51,51,51,0.3,0.3,0.3
2019-04-11,16,16,16,16,16,16,48,48,48,43,43,43,0.3,0.3,0.3
2019-04-10,19,19,19,24,24,24,"-","-","-",48,48,48,0.3,0.3,0.3
2019-04-09,13,13,13,16,16,16,"-","-","-",50,50,50,0.3,0.3,0.3
2019-04-08,15,15,15,18,18,18,62,62,62,38,38,38,0.3,0.3,0.3
2019-04-07,18,18,18,21,21,21,80,80,80,36,36,36,0.3,0.3,0.3
2019-04-06,29,29,29,31,31,31,55,55,55,44,44,44,0.3,0.3,0.3
2019-04-05,12,12,12,16,16,16,65,65,65,76,76,76,0.5,0.5,0.5
2019-04-04,8,8,8,11,11,11,81,81,81,30,30,30,0.2,0.2,0.2
2019-04-03,24,24,24,29,29,29,100,100,100,66,66,66,0.3,0.3,0.3
2019-04-02,33,33,33,39,39,39,111,111,111,99,99,99,0.4,0.4,0.4
2019-04-01,33,33,33,38,38,38,121,121,121,110,110,110,0.5,0.5,0.5
2019-03-31,30,30,30,36,36,36,115,115,115,86,86,86,0.5,0.5,0.5
2019-03-30,29,29,29,37,37,37,101,101,101,91,91,91,0.5,0.5,0.5
2019-03-29,27,27,27,35,35,35,88,88,88,86,86,86,0.4,0.4,0.4
2019-03-28,23,23,23,27,27,27,77,77,77,79,79,79,0.4,0.4,0.4
2019-03-27,18,18,18,20,20,20,87,87,87,82,82,82,0.4,0.4,0.4
2019-03-26,13,13,13,18,18,18,100,100,100,88,88,88,0.3,0.3,0.3
2019-03-25,26,26,26,29,29,29,102,102,102,65,65,65,0.4,0.4,0.4
2019-03-24,32,32,32,38,38,38,114,114,114,89,89,89,0.5,0.5,0.5
2019-03-23,37,37,37,43,43,43,98,98,98,101,101,101,0.6,0.6,0.6
2019-03-22,37,37,37,44,44,44,82,82,82,109,109,109,0.5,0.5,0.5
2019-03-21,26,26,26,34,34,34,86,86,86,94,94,94,0.4,0.4,0.4
2019-03-20,19,19,19,24,24,24,75,75,75,88,88,88,0.4,0.4,0.4
2019-03-19,11,11,11,17,17,17,79,79,79,50,50,50,0.2,0.2,0.2
2019-03-18,8,8,8,11,11,11,79,79,79,38,38,38,0.2,0.2,0.2
2019-03-17,41,41,41,53,53,53,71,71,71,57,57,57,0.4,0.4,0.4
2019-03-16,27,27,27,35,35,35,56,56,56,80,80,80,0.3,0.3,0.3
2019-03-15,19,19,19,22,22,22,69,69,69,74,74,74,0.5,0.5,0.5
2019-03-14,24,24,24,30,30,30,60,60,60,85,85,85,0.4,0.4,0.4
2019-03-13,17,17,17,24,24,24,76,76,76,73,73,73,0.4,0.4,0.4
2019-03-12,9,9,9,11,11,11,87,87,87,88,88,88,0.4,0.4,0.4
2019-03-11,8,8,8,9,9,9,89,89,89,46,46,46,0.4,0.4,0.4
2019-03-10,15,15,15,23,23,23,73,73,73,52,52,52,0.3,0.3,0.3
2019-03-09,20,20,20,28,28,28,76,76,76,48,48,48,0.3,0.3,0.3
2019-03-08,24,24,24,30,30,30,63,63,63,85,85,85,0.4,0.4,0.4
2019-03-07,23,23,23,34,34,34,58,58,58,63,63,63,0.5,0.5,0.5
2019-03-06,28,28,28,35,35,35,39,39,39,92,92,92,0.5,0.5,0.5
2019-03-05,18,18,18,20,20,20,55,55,55,88,88,88,0.5,0.5,0.5
2019-03-04,30,30,30,36,36,36,61,61,61,82,82,82,0.5,0.5,0.5
2019-03-03,34,34,34,41,41,41,80,80,80,90,90,90,0.7,0.7,0.7
2019-03-02,49,49,49,56,56,56,58,58,58,90,90,90,0.6,0.6,0.6
2019-03-01,62,62,62,78,78,78,60,60,60,90,90,90,0.6,0.6,0.6
2019-02-28,60,60,60,73,73,73,46,46,46,102,102,102,0.7,0.7,0.7
2019-02-27,36,36,36,43,43,43,60,60,60,111,111,111,0.8,0.8,0.8
2019-02-26,40,40,40,48,48,48,47,47,47,111,111,111,0.8,0.8,0.8
2019-02-25,44,44,44,53,53,53,30,30,30,99,99,99,0.7,0.7,0.7
2019-02-24,23,23,23,34,34,34,66,66,66,83,83,83,0.7,0.7,0.7
2019-02-23,32,32,32,42,42,42,63,63,63,76,76,76,0.7,0.7,0.7
2019-02-22,65,65,65,81,81,81,42,42,42,111,111,111,0.8,0.8,0.8
2019-02-21,77,77,77,92,92,92,39,39,39,110,110,110,0.8,0.8,0.8
2019-02-20,75,75,75,89,89,89,25,25,25,94,94,94,0.8,0.8,0.8
2019-02-19,56,56,56,52,52,52,69,69,69,96,96,96,0.7,0.7,0.7
2019-02-18,48,48,48,67,67,67,59,59,59,108,108,108,0.7,0.7,0.7
2019-02-17,46,46,46,60,60,60,49,49,49,89,89,89,0.8,0.8,0.8
2019-02-16,59,59,59,73,73,73,36,36,36,97,97,97,0.8,0.8,0.8
2019-02-15,46,46,46,63,63,63,28,28,28,105,105,105,0.8,0.8,0.8
2019-02-14,35,35,35,47,47,47,36,36,36,99,99,99,0.8,0.8,0.8
2019-02-13,23,23,23,34,34,34,55,55,55,120,120,120,0.7,0.7,0.7
2019-02-12,20,20,20,28,28,28,49,49,49,103,103,103,0.7,0.7,0.7
2019-02-11,11,11,11,12,12,12,72,72,72,56,56,56,0.5,0.5,0.5
2019-02-10,42,42,42,48,48,48,18,18,18,71,71,71,0.7,0.7,0.7
2019-02-09,27,27,27,37,37,37,55,55,55,96,96,96,0.8,0.8,0.8
2019-02-08,38,38,38,52,52,52,38,38,38,110,110,110,1.1,1.1,1.1
2019-02-07,43,43,43,58,58,58,12,12,12,114,114,114,1.1,1.1,1.1
2019-02-06,31,31,31,41,41,41,39,39,39,105,105,105,0.9,0.9,0.9
2019-02-05,32,32,32,41,41,41,36,36,36,92,92,92,0.8,0.8,0.8
2019-02-04,15,15,15,22,22,22,35,35,35,96,96,96,0.7,0.7,0.7
2019-02-03,29,29,29,33,33,33,6,6,6,59,59,59,0.7,0.7,0.7
2019-02-02,29,29,29,32,32,32,3,3,3,66,66,66,0.8,0.8,0.8
2019-02-01,35,35,35,37,37,37,12,12,12,85,85,85,0.9,0.9,0.9
2019-01-31,41,41,41,48,48,48,10,10,10,87,87,87,0.7,0.7,0.7
2019-01-30,"-","-","-","-","-","-",47,47,47,77,77,77,0.8,0.8,0.8
2019-01-29,30,30,30,40,40,40,24,24,24,102,102,102,0.8,0.8,0.8
2019-01-28,41,41,41,48,48,48,17,17,17,86,86,86,0.8,0.8,0.8
2019-01-27,47,47,47,56,56,56,25,25,25,69,69,69,1.1,1.1,1.1
2019-01-26,40,40,40,54,54,54,28,28,28,95,95,95,1,1,1
2019-01-25,33,33,33,42,42,42,37,37,37,108,108,108,0.9,0.9,0.9
2019-01-24,44,44,44,54,54,54,32,32,32,89,89,89,0.7,0.7,0.7
2019-01-23,38,38,38,47,47,47,18,18,18,80,80,80,0.9,0.9,0.9
2019-01-22,38,38,38,48,48,48,29,29,29,99,99,99,0.9,0.9,0.9
2019-01-21,48,48,48,60,60,60,23,23,23,94,94,94,0.9,0.9,0.9
2019-01-20,32,32,32,37,37,37,36,36,36,71,71,71,0.6,0.6,0.6
2019-01-19,16,16,16,23,23,23,40,40,40,62,62,62,0.5,0.5,0.5
2019-01-18,38,38,38,45,45,45,17,17,17,71,71,71,0.6,0.6,0.6
2019-01-17,36,36,36,42,42,42,42,42,42,78,78,78,0.6,0.6,0.6
2019-01-16,16,16,16,28,28,28,62,62,62,130,130,130,1,1,1
2019-01-15,20,20,20,33,33,33,69,69,69,114,114,114,1.1,1.1,1.1
2019-01-14,8,8,8,9,9,9,73,73,73,51,51,51,0.8,0.8,0.8
2019-01-13,52,52,52,64,64,64,14,14,14,88,88,88,1.2,1.2,1.2
2019-01-12,35,35,35,44,44,44,12,12,12,107,107,107,1.1,1.1,1.1
2019-01-11,28,28,28,38,38,38,29,29,29,114,114,114,0.8,0.8,0.8
2019-01-10,15,15,15,18,18,18,52,52,52,91,91,91,0.6,0.6,0.6
2019-01-09,23,23,23,27,27,27,60,60,60,68,68,68,0.7,0.7,0.7
2019-01-08,67,67,67,86,86,86,3,3,3,95,95,95,0.9,0.9,0.9
2019-01-07,43,43,43,51,51,51,23,23,23,106,106,106,0.8,0.8,0.8
2019-01-06,29,29,29,37,37,37,21,21,21,79,79,79,0.8,0.8,0.8
2019-01-05,33,33,33,41,41,41,24,24,24,95,95,95,0.8,0.8,0.8
2019-01-04,26,26,26,36,36,36,35,35,35,90,90,90,0.8,0.8,0.8
2019-01-03,16,16,16,23,23,23,71,71,71,94,94,94,0.8,0.8,0.8
2019-01-02,16,16,16,21,21,21,75,75,75,46,46,46,0.7,0.7,0.7
2019-01-01,54,54,54,64,64,64,20,20,20,60,60,60,0.8,0.8,0.8
