#Data for Sondrio via Paribelli, Lombardia from 2019/01/01 to 2020/04/03. [generated on 2020-04-03 05:44]
#Station is located at latitude 46.16785664, longitude 9.87921169
#Values are unconverted and expressed in milligrams per cubic meter.
#Values are based on daily average
#Attribution: Agenzia Regionale per la Protezione dell'Ambiente della Lombardia)  https://ita.arpalombardia.it/ITA/
date,pm25,pm25_min,pm25_max,pm10,pm10_min,pm10_max,o3,o3_min,o3_max,no2,no2_min,no2_max
2020-04-01,15,15,15,16,16,16,89,89,89,22,22,22
2020-03-31,8,8,8,8,8,8,75,75,75,9,9,9
2020-03-30,9,9,9,12,12,12,72,72,72,15,15,15
2020-03-29,18,18,18,37,37,37,97,97,97,15,15,15
2020-03-28,20,20,20,35,35,35,93,93,93,24,24,24
2020-03-27,23,23,23,28,28,28,91,91,91,26,26,26
2020-03-26,18,18,18,20,20,20,86,86,86,26,26,26
2020-03-25,17,17,17,21,21,21,81,81,81,28,28,28
2020-03-24,15,15,15,18,18,18,91,91,91,17,17,17
2020-03-23,14,14,14,20,20,20,71,71,71,9,9,9
2020-03-22,23,23,23,26,26,26,93,93,93,10,10,10
2020-03-21,12,12,12,14,14,14,101,101,101,13,13,13
2020-03-20,18,18,18,19,19,19,106,106,106,25,25,25
2020-03-19,18,18,18,19,19,19,108,108,108,24,24,24
2020-03-18,15,15,15,17,17,17,102,102,102,26,26,26
2020-03-17,16,16,16,15,15,15,91,91,91,21,21,21
2020-03-16,10,10,10,13,13,13,80,80,80,17,17,17
2020-03-15,13,13,13,16,16,16,67,67,67,12,12,12
2020-03-14,10,10,10,11,11,11,63,63,63,12,12,12
2020-03-13,16,16,16,19,19,19,82,82,82,21,21,21
2020-03-12,21,21,21,25,25,25,87,87,87,22,22,22
2020-03-11,11,11,11,15,15,15,71,71,71,27,27,27
2020-03-10,14,14,14,15,15,15,88,88,88,34,34,34
2020-03-09,14,14,14,18,18,18,84,84,84,45,45,45
2020-03-08,8,8,8,9,9,9,96,96,96,27,27,27
2020-03-07,9,9,9,11,11,11,95,95,95,29,29,29
2020-03-06,16,16,16,15,15,15,78,78,78,28,28,28
2020-03-05,18,18,18,20,20,20,72,72,72,37,37,37
2020-03-04,11,11,11,12,12,12,89,89,89,42,42,42
2020-03-03,8,8,8,12,12,12,73,73,73,34,34,34
2020-03-02,19,19,19,24,24,24,40,40,40,35,35,35
2020-03-01,23,23,23,26,26,26,65,65,65,19,19,19
2020-02-29,28,28,28,33,33,33,44,44,44,56,56,56
2020-02-28,10,10,10,14,14,14,92,92,92,44,44,44
2020-02-27,8,8,8,9,9,9,80,80,80,43,43,43
2020-02-26,25,25,25,28,28,28,88,88,88,26,26,26
2020-02-25,52,52,52,64,64,64,29,29,29,38,38,38
2020-02-24,29,29,29,36,36,36,68,68,68,51,51,51
2020-02-23,28,28,28,32,32,32,89,89,89,41,41,41
2020-02-22,24,24,24,31,31,31,72,72,72,48,48,48
2020-02-21,"-","-","-","-","-","-",84,84,84,54,54,54
2020-02-20,12,12,12,15,15,15,82,82,82,53,53,53
2020-02-19,10,10,10,11,11,11,81,81,81,45,45,45
2020-02-18,27,27,27,34,34,34,81,81,81,46,46,46
2020-02-17,37,37,37,46,46,46,73,73,73,46,46,46
2020-02-16,23,23,23,26,26,26,75,75,75,44,44,44
2020-02-15,15,15,15,17,17,17,79,79,79,46,46,46
2020-02-14,14,14,14,19,19,19,75,75,75,45,45,45
2020-02-13,17,17,17,21,21,21,78,78,78,52,52,52
2020-02-12,12,12,12,15,15,15,86,86,86,50,50,50
2020-02-11,18,18,18,19,19,19,86,86,86,49,49,49
2020-02-10,42,42,42,49,49,49,68,68,68,58,58,58
2020-02-09,34,34,34,38,38,38,73,73,73,49,49,49
2020-02-08,24,24,24,31,31,31,68,68,68,46,46,46
2020-02-07,22,22,22,30,30,30,69,69,69,60,60,60
2020-02-06,18,18,18,22,22,22,75,75,75,57,57,57
2020-02-05,10,10,10,8,8,8,83,83,83,42,42,42
2020-02-04,15,15,15,22,22,22,79,79,79,32,32,32
2020-02-03,28,28,28,36,36,36,55,55,55,53,53,53
2020-02-02,24,24,24,30,30,30,51,51,51,46,46,46
2020-02-01,27,27,27,36,36,36,50,50,50,49,49,49
2020-01-31,24,24,24,32,32,32,64,64,64,51,51,51
2020-01-30,20,20,20,25,25,25,66,66,66,54,54,54
2020-01-29,27,27,27,32,32,32,69,69,69,54,54,54
2020-01-28,44,44,44,55,55,55,11,11,11,44,44,44
2020-01-27,29,29,29,44,44,44,58,58,58,56,56,56
2020-01-26,39,39,39,45,45,45,58,58,58,51,51,51
2020-01-25,36,36,36,47,47,47,41,41,41,43,43,43
2020-01-24,32,32,32,44,44,44,40,40,40,56,56,56
2020-01-23,32,32,32,41,41,41,45,45,45,53,53,53
2020-01-22,32,32,32,41,41,41,57,57,57,55,55,55
2020-01-21,25,25,25,34,34,34,51,51,51,51,51,51
2020-01-20,27,27,27,33,33,33,64,64,64,52,52,52
2020-01-19,26,26,26,28,28,28,59,59,59,47,47,47
2020-01-18,33,33,33,36,36,36,21,21,21,56,56,56
2020-01-17,31,31,31,42,42,42,59,59,59,57,57,57
2020-01-16,33,33,33,38,38,38,52,52,52,52,52,52
2020-01-15,33,33,33,41,41,41,49,49,49,52,52,52
2020-01-14,31,31,31,42,42,42,56,56,56,56,56,56
2020-01-13,29,29,29,40,40,40,52,52,52,54,54,54
2020-01-12,27,27,27,35,35,35,63,63,63,50,50,50
2020-01-11,32,32,32,39,39,39,47,47,47,48,48,48
2020-01-10,39,39,39,46,46,46,39,39,39,53,53,53
2020-01-09,40,40,40,51,51,51,37,37,37,55,55,55
2020-01-08,42,42,42,55,55,55,44,44,44,62,62,62
2020-01-07,41,41,41,50,50,50,41,41,41,57,57,57
2020-01-06,33,33,33,39,39,39,56,56,56,47,47,47
2020-01-05,33,33,33,38,38,38,49,49,49,50,50,50
2020-01-04,40,40,40,44,44,44,21,21,21,51,51,51
2020-01-03,48,48,48,54,54,54,8,8,8,56,56,56
2020-01-02,37,37,37,44,44,44,39,39,39,53,53,53
2020-01-01,45,45,45,51,51,51,37,37,37,42,42,42
2019-12-31,38,38,38,44,44,44,23,23,23,55,55,55
2019-12-30,43,43,43,47,47,47,26,26,26,38,38,38
2019-12-29,30,30,30,35,35,35,36,36,36,44,44,44
2019-12-28,35,35,35,42,42,42,27,27,27,46,46,46
2019-12-27,30,30,30,35,35,35,41,41,41,50,50,50
2019-12-26,28,28,28,33,33,33,45,45,45,45,45,45
2019-12-25,24,24,24,27,27,27,49,49,49,48,48,48
2019-12-24,28,28,28,36,36,36,11,11,11,45,45,45
2019-12-23,24,24,24,29,29,29,19,19,19,45,45,45
2019-12-22,14,14,14,15,15,15,54,54,54,33,33,33
2019-12-21,17,17,17,17,17,17,36,36,36,38,38,38
2019-12-20,29,29,29,33,33,33,31,31,31,41,41,41
2019-12-19,30,30,30,35,35,35,5,5,5,25,25,25
2019-12-18,37,37,37,43,43,43,5,5,5,31,31,31
2019-12-17,58,58,58,62,62,62,6,6,6,46,46,46
2019-12-16,48,48,48,52,52,52,7,7,7,47,47,47
2019-12-15,35,35,35,34,34,34,23,23,23,61,61,61
2019-12-14,29,29,29,32,32,32,37,37,37,71,71,71
2019-12-13,23,23,23,24,24,24,14,14,14,51,51,51
2019-12-12,40,40,40,43,43,43,9,9,9,49,49,49
2019-12-11,31,31,31,39,39,39,40,40,40,62,62,62
2019-12-10,25,25,25,34,34,34,68,68,68,60,60,60
2019-12-09,30,30,30,36,36,36,43,43,43,46,46,46
2019-12-08,29,29,29,32,32,32,49,49,49,40,40,40
2019-12-07,32,32,32,37,37,37,29,29,29,44,44,44
2019-12-06,34,34,34,38,38,38,25,25,25,68,68,68
2019-12-05,29,29,29,35,35,35,40,40,40,50,50,50
2019-12-04,24,24,24,28,28,28,34,34,34,52,52,52
2019-12-03,20,20,20,24,24,24,35,35,35,39,39,39
2019-12-02,24,24,24,28,28,28,22,22,22,29,29,29
2019-12-01,24,24,24,26,26,26,11,11,11,38,38,38
2019-11-30,21,21,21,23,23,23,38,38,38,35,35,35
2019-11-29,19,19,19,23,23,23,35,35,35,35,35,35
2019-11-28,21,21,21,24,24,24,7,7,7,30,30,30
2019-11-27,21,21,21,27,27,27,5,5,5,30,30,30
2019-11-26,21,21,21,28,28,28,22,22,22,36,36,36
2019-11-25,17,17,17,24,24,24,30,30,30,26,26,26
2019-11-24,22,22,22,24,24,24,12,12,12,28,28,28
2019-11-23,20,20,20,22,22,22,14,14,14,34,34,34
2019-11-22,22,22,22,24,24,24,11,11,11,35,35,35
2019-11-21,19,19,19,26,26,26,15,15,15,32,32,32
2019-11-20,19,19,19,25,25,25,22,22,22,32,32,32
2019-11-19,15,15,15,15,15,15,50,50,50,44,44,44
2019-11-18,13,13,13,14,14,14,38,38,38,43,43,43
2019-11-17,13,13,13,12,12,12,48,48,48,29,29,29
2019-11-16,14,14,14,16,16,16,49,49,49,41,41,41
2019-11-15,9,9,9,12,12,12,53,53,53,49,49,49
2019-11-14,17,17,17,22,22,22,31,31,31,51,51,51
2019-11-13,14,14,14,18,18,18,51,51,51,45,45,45
2019-11-12,14,14,14,17,17,17,33,33,33,32,32,32
2019-11-11,19,19,19,23,23,23,19,19,19,46,46,46
2019-11-10,11,11,11,12,12,12,62,62,62,31,31,31
2019-11-09,11,11,11,12,12,12,55,55,55,27,27,27
2019-11-08,12,12,12,12,12,12,29,29,29,44,44,44
2019-11-07,13,13,13,17,17,17,24,24,24,36,36,36
2019-11-06,9,9,9,13,13,13,49,49,49,35,35,35
2019-11-05,9,9,9,10,10,10,47,47,47,43,43,43
2019-11-04,9,9,9,15,15,15,36,36,36,42,42,42
2019-11-03,13,13,13,19,19,19,50,50,50,40,40,40
2019-11-02,29,29,29,35,35,35,23,23,23,36,36,36
2019-11-01,27,27,27,36,36,36,19,19,19,34,34,34
2019-10-31,20,20,20,31,31,31,29,29,29,46,46,46
2019-10-30,21,21,21,32,32,32,33,33,33,39,39,39
2019-10-29,22,22,22,31,31,31,45,45,45,48,48,48
2019-10-28,17,17,17,25,25,25,55,55,55,62,62,62
2019-10-27,12,12,12,18,18,18,58,58,58,37,37,37
2019-10-26,11,11,11,16,16,16,44,44,44,35,35,35
2019-10-25,12,12,12,18,18,18,31,31,31,35,35,35
2019-10-24,13,13,13,21,21,21,13,13,13,"-","-","-"
2019-10-23,9,9,9,19,19,19,39,39,39,14,14,14
2019-10-22,8,8,8,15,15,15,39,39,39,19,19,19
2019-10-21,9,9,9,11,11,11,30,30,30,30,30,30
2019-10-20,14,14,14,17,17,17,21,21,21,15,15,15
2019-10-19,18,18,18,20,20,20,8,8,8,20,20,20
2019-10-18,15,15,15,22,22,22,18,18,18,27,27,27
2019-10-17,9,9,9,14,14,14,64,64,64,30,30,30
2019-10-16,7,7,7,8,8,8,82,82,82,33,33,33
2019-10-15,15,15,15,19,19,19,26,26,26,34,34,34
2019-10-14,13,13,13,20,20,20,63,63,63,36,36,36
2019-10-13,11,11,11,16,16,16,69,69,69,22,22,22
2019-10-12,11,11,11,13,13,13,59,59,59,22,22,22
2019-10-11,7,7,7,13,13,13,63,63,63,26,26,26
2019-10-10,8,8,8,9,9,9,58,58,58,27,27,27
2019-10-09,15,15,15,17,17,17,13,13,13,27,27,27
2019-10-08,8,8,8,10,10,10,68,68,68,26,26,26
2019-10-07,10,10,10,11,11,11,71,71,71,28,28,28
2019-10-06,11,11,11,16,16,16,61,61,61,22,22,22
2019-10-05,8,8,8,9,9,9,71,71,71,19,19,19
2019-10-04,8,8,8,13,13,13,77,77,77,30,30,30
2019-10-03,6,6,6,7,7,7,"-","-","-",39,39,39
2019-10-02,9,9,9,8,8,8,"-","-","-",24,24,24
2019-10-01,12,12,12,20,20,20,55,55,55,27,27,27
2019-09-30,14,14,14,16,16,16,74,74,74,20,20,20
2019-09-29,10,10,10,16,16,16,82,82,82,21,21,21
2019-09-28,18,18,18,25,25,25,85,85,85,16,16,16
2019-09-27,14,14,14,22,22,22,72,72,72,28,28,28
2019-09-26,9,9,9,10,10,10,77,77,77,22,22,22
2019-09-25,10,10,10,8,8,8,85,85,85,17,17,17
2019-09-24,4,4,4,8,8,8,53,53,53,19,19,19
2019-09-23,7,7,7,9,9,9,53,53,53,22,22,22
2019-09-22,10,10,10,15,15,15,68,68,68,12,12,12
2019-09-21,10,10,10,18,18,18,86,86,86,19,19,19
2019-09-20,12,12,12,17,17,17,79,79,79,26,26,26
2019-09-19,10,10,10,12,12,12,79,79,79,15,15,15
2019-09-18,16,16,16,24,24,24,107,107,107,25,25,25
2019-09-17,19,19,19,27,27,27,100,100,100,25,25,25
2019-09-16,17,17,17,20,20,20,99,99,99,22,22,22
2019-09-15,19,19,19,23,23,23,124,124,124,25,25,25
2019-09-14,14,14,14,19,19,19,136,136,136,24,24,24
2019-09-13,13,13,13,17,17,17,130,130,130,31,31,31
2019-09-12,9,9,9,14,14,14,105,105,105,25,25,25
2019-09-11,9,9,9,13,13,13,93,93,93,24,24,24
2019-09-10,4,4,4,11,11,11,82,82,82,20,20,20
2019-09-09,5,5,5,6,6,6,74,74,74,20,20,20
2019-09-08,2,2,2,6,6,6,64,64,64,7,7,7
2019-09-07,6,6,6,8,8,8,52,52,52,9,9,9
2019-09-06,4,4,4,8,8,8,47,47,47,21,21,21
2019-09-05,11,11,11,13,13,13,103,103,103,19,19,19
2019-09-04,12,12,12,16,16,16,99,99,99,24,24,24
2019-09-03,10,10,10,10,10,10,100,100,100,16,16,16
2019-09-02,9,9,9,11,11,11,76,76,76,16,16,16
2019-09-01,10,10,10,14,14,14,83,83,83,10,10,10
2019-08-31,11,11,11,14,14,14,66,66,66,9,9,9
2019-08-30,9,9,9,17,17,17,118,118,118,19,19,19
2019-08-29,14,14,14,19,19,19,92,92,92,18,18,18
2019-08-28,15,15,15,18,18,18,99,99,99,21,21,21
2019-08-27,19,19,19,21,21,21,109,109,109,16,16,16
2019-08-26,7,7,7,10,10,10,105,105,105,10,10,10
2019-08-25,9,9,9,14,14,14,91,91,91,7,7,7
2019-08-24,12,12,12,15,15,15,72,72,72,8,8,8
2019-08-23,5,5,5,6,6,6,73,73,73,13,13,13
2019-08-22,7,7,7,9,9,9,97,97,97,11,11,11
2019-08-21,5,5,5,10,10,10,70,70,70,10,10,10
2019-08-20,8,8,8,12,12,12,59,59,59,16,16,16
2019-08-19,12,12,12,13,13,13,91,91,91,18,18,18
2019-08-18,11,11,11,14,14,14,112,112,112,14,14,14
2019-08-17,9,9,9,13,13,13,105,105,105,18,18,18
2019-08-16,6,6,6,9,9,9,95,95,95,13,13,13
2019-08-15,4,4,4,8,8,8,96,96,96,10,10,10
2019-08-14,5,5,5,8,8,8,80,80,80,12,12,12
2019-08-13,8,8,8,10,10,10,67,67,67,11,11,11
2019-08-12,12,12,12,17,17,17,93,93,93,12,12,12
2019-08-11,16,16,16,22,22,22,112,112,112,11,11,11
2019-08-10,15,15,15,19,19,19,104,104,104,14,14,14
2019-08-09,12,12,12,16,16,16,105,105,105,17,17,17
2019-08-08,10,10,10,12,12,12,96,96,96,14,14,14
2019-08-07,8,8,8,9,9,9,74,74,74,20,20,20
2019-08-06,16,16,16,21,21,21,145,145,145,34,34,34
2019-08-05,17,17,17,20,20,20,138,138,138,31,31,31
2019-08-04,10,10,10,12,12,12,129,129,129,12,12,12
2019-08-03,7,7,7,10,10,10,104,104,104,15,15,15
2019-08-02,9,9,9,14,14,14,81,81,81,19,19,19
2019-08-01,12,12,12,15,15,15,128,128,128,18,18,18
2019-07-31,10,10,10,14,14,14,99,99,99,40,40,40
2019-07-30,15,15,15,14,14,14,153,153,153,26,26,26
2019-07-29,7,7,7,12,12,12,88,88,88,18,18,18
2019-07-28,10,10,10,11,11,11,81,81,81,9,9,9
2019-07-27,8,8,8,12,12,12,94,94,94,11,11,11
2019-07-26,13,13,13,16,16,16,122,122,122,19,19,19
2019-07-25,23,23,23,28,28,28,167,167,167,28,28,28
2019-07-24,25,25,25,33,33,33,172,172,172,31,31,31
2019-07-23,"-","-","-","-","-","-",170,170,170,35,35,35
2019-07-22,19,19,19,24,24,24,171,171,171,27,27,27
2019-07-21,18,18,18,21,21,21,138,138,138,21,21,21
2019-07-20,17,17,17,24,24,24,136,136,136,12,12,12
2019-07-19,"-","-","-","-","-","-",149,149,149,17,17,17
2019-07-18,"-","-","-","-","-","-",117,117,117,12,12,12
2019-07-17,12,12,12,16,16,16,144,144,144,25,25,25
2019-07-16,10,10,10,12,12,12,141,141,141,12,12,12
2019-07-15,4,4,4,7,7,7,93,93,93,14,14,14
2019-07-14,9,9,9,9,9,9,113,113,113,11,11,11
2019-07-13,5,5,5,9,9,9,99,99,99,9,9,9
2019-07-12,6,6,6,10,10,10,91,91,91,13,13,13
2019-07-11,12,12,12,15,15,15,107,107,107,28,28,28
2019-07-10,12,12,12,15,15,15,135,135,135,18,18,18
2019-07-09,12,12,12,15,15,15,127,127,127,19,19,19
2019-07-08,11,11,11,11,11,11,139,139,139,26,26,26
2019-07-07,9,9,9,11,11,11,115,115,115,11,11,11
2019-07-06,15,15,15,17,17,17,142,142,142,16,16,16
2019-07-05,15,15,15,17,17,17,144,144,144,18,18,18
2019-07-04,11,11,11,15,15,15,121,121,121,13,13,13
2019-07-03,13,13,13,12,12,12,97,97,97,24,24,24
2019-07-02,13,13,13,18,18,18,138,138,138,20,20,20
2019-07-01,19,19,19,25,25,25,160,160,160,17,17,17
2019-06-30,22,22,22,27,27,27,156,156,156,12,12,12
2019-06-29,19,19,19,26,26,26,151,151,151,19,19,19
2019-06-17,12,12,12,15,15,15,118,118,118,21,21,21
2019-06-16,9,9,9,11,11,11,110,110,110,8,8,8
2019-06-15,13,13,13,22,22,22,127,127,127,10,10,10
2019-06-14,13,13,13,14,14,14,109,109,109,24,24,24
2019-06-13,10,10,10,14,14,14,118,118,118,16,16,16
2019-06-12,10,10,10,16,16,16,78,78,78,20,20,20
2019-06-11,16,16,16,34,34,34,94,94,94,22,22,22
2019-06-10,10,10,10,22,22,22,51,51,51,13,13,13
2019-06-09,12,12,12,19,19,19,97,97,97,9,9,9
2019-06-08,12,12,12,20,20,20,118,118,118,15,15,15
2019-06-07,14,14,14,20,20,20,110,110,110,16,16,16
2019-06-06,15,15,15,19,19,19,90,90,90,16,16,16
2019-06-05,13,13,13,19,19,19,119,119,119,20,20,20
2019-06-04,12,12,12,18,18,18,110,110,110,22,22,22
2019-06-03,16,16,16,21,21,21,140,140,140,11,11,11
2019-06-02,14,14,14,16,16,16,103,103,103,8,8,8
2019-06-01,10,10,10,13,13,13,116,116,116,16,16,16
2019-05-31,10,10,10,12,12,12,105,105,105,27,27,27
2019-05-30,8,8,8,7,7,7,95,95,95,21,21,21
2019-05-29,6,6,6,7,7,7,75,75,75,13,13,13
2019-05-28,7,7,7,9,9,9,54,54,54,12,12,12
2019-05-27,9,9,9,12,12,12,52,52,52,17,17,17
2019-05-26,5,5,5,6,6,6,83,83,83,10,10,10
2019-05-25,10,10,10,13,13,13,100,100,100,12,12,12
2019-05-24,15,15,15,18,18,18,124,124,124,33,33,33
2019-05-23,8,8,8,10,10,10,121,121,121,25,25,25
2019-05-22,7,7,7,11,11,11,104,104,104,27,27,27
2019-05-21,7,7,7,11,11,11,95,95,95,14,14,14
2019-05-20,6,6,6,7,7,7,64,64,64,17,17,17
2019-05-19,5,5,5,7,7,7,67,67,67,7,7,7
2019-05-18,11,11,11,14,14,14,83,83,83,14,14,14
2019-05-17,15,15,15,21,21,21,75,75,75,21,21,21
2019-05-16,10,10,10,13,13,13,95,95,95,24,24,24
2019-05-15,9,9,9,14,14,14,107,107,107,34,34,34
2019-05-14,8,8,8,9,9,9,120,120,120,29,29,29
2019-05-13,6,6,6,7,7,7,89,89,89,28,28,28
2019-05-12,5,5,5,4,4,4,96,96,96,14,14,14
2019-05-11,9,9,9,16,16,16,78,78,78,22,22,22
2019-05-10,9,9,9,13,13,13,106,106,106,21,21,21
2019-05-09,6,6,6,8,8,8,95,95,95,23,23,23
2019-05-08,14,14,14,19,19,19,81,81,81,39,39,39
2019-05-07,11,11,11,14,14,14,107,107,107,36,36,36
2019-05-06,10,10,10,11,11,11,"-","-","-",31,31,31
2019-05-05,3,3,3,3,3,3,"-","-","-",6,6,6
2019-05-04,5,5,5,6,6,6,15,15,15,15,15,15
2019-05-03,6,6,6,8,8,8,86,86,86,25,25,25
2019-05-02,11,11,11,15,15,15,98,98,98,43,43,43
2019-05-01,9,9,9,13,13,13,109,109,109,25,25,25
2019-04-30,4,4,4,8,8,8,99,99,99,35,35,35
2019-04-29,7,7,7,8,8,8,92,92,92,12,12,12
2019-04-28,4,4,4,4,4,4,108,108,108,"-","-","-"
2019-04-27,6,6,6,6,6,6,88,88,88,"-","-","-"
2019-04-26,10,10,10,9,9,9,69,69,69,"-","-","-"
2019-04-25,7,7,7,11,11,11,72,72,72,13,13,13
2019-04-24,6,6,6,7,7,7,53,53,53,29,29,29
2019-04-23,16,16,16,22,22,22,103,103,103,34,34,34
2019-04-22,17,17,17,20,20,20,119,119,119,17,17,17
2019-04-21,12,12,12,15,15,15,120,120,120,16,16,16
2019-04-20,13,13,13,14,14,14,116,116,116,33,33,33
2019-04-19,17,17,17,20,20,20,116,116,116,37,37,37
2019-04-18,21,21,21,25,25,25,109,109,109,47,47,47
2019-04-17,12,12,12,15,15,15,108,108,108,37,37,37
2019-04-16,12,12,12,14,14,14,96,96,96,29,29,29
2019-04-15,8,8,8,9,9,9,89,89,89,31,31,31
2019-04-14,5,5,5,6,6,6,92,92,92,13,13,13
2019-04-13,13,13,13,17,17,17,98,98,98,26,26,26
2019-04-12,17,17,17,19,19,19,80,80,80,21,21,21
2019-04-11,"-","-","-","-","-","-",69,69,69,24,24,24
2019-04-10,10,10,10,12,12,12,82,82,82,29,29,29
2019-04-09,7,7,7,7,7,7,71,71,71,41,41,41
2019-04-08,8,8,8,11,11,11,94,94,94,34,34,34
2019-04-07,16,16,16,19,19,19,91,91,91,18,18,18
2019-04-06,19,19,19,22,22,22,62,62,62,27,27,27
2019-04-05,7,7,7,10,10,10,70,70,70,41,41,41
2019-04-04,6,6,6,7,7,7,56,56,56,45,45,45
2019-04-03,17,17,17,21,21,21,83,83,83,39,39,39
2019-04-02,24,24,24,28,28,28,114,114,114,61,61,61
2019-04-01,20,20,20,22,22,22,121,121,121,63,63,63
2019-03-31,19,19,19,22,22,22,119,119,119,36,36,36
2019-03-30,17,17,17,22,22,22,109,109,109,46,46,46
2019-03-29,19,19,19,26,26,26,92,92,92,46,46,46
2019-03-28,16,16,16,20,20,20,89,89,89,41,41,41
2019-03-27,11,11,11,13,13,13,96,96,96,38,38,38
2019-03-26,5,5,5,6,6,6,99,99,99,32,32,32
2019-03-25,12,12,12,13,13,13,104,104,104,41,41,41
2019-03-24,14,14,14,17,17,17,111,111,111,38,38,38
2019-03-23,15,15,15,18,18,18,105,105,105,51,51,51
2019-03-22,19,19,19,22,22,22,41,41,41,68,68,68
2019-03-21,14,14,14,22,22,22,"-","-","-",44,44,44
2019-03-20,7,7,7,12,12,12,"-","-","-",40,40,40
2019-03-19,6,6,6,9,9,9,66,66,66,35,35,35
2019-03-18,5,5,5,4,4,4,93,93,93,28,28,28
2019-03-17,13,13,13,17,17,17,78,78,78,26,26,26
2019-03-16,11,11,11,16,16,16,68,68,68,43,43,43
2019-03-15,10,10,10,11,11,11,75,75,75,46,46,46
2019-03-14,5,5,5,9,9,9,83,83,83,40,40,40
2019-03-13,12,12,12,13,13,13,94,94,94,43,43,43
2019-03-12,10,10,10,12,12,12,87,87,87,53,53,53
2019-03-11,11,11,11,17,17,17,88,88,88,32,32,32
2019-03-10,16,16,16,21,21,21,86,86,86,33,33,33
2019-03-09,20,20,20,23,23,23,78,78,78,45,45,45
2019-03-08,17,17,17,16,16,16,72,72,72,40,40,40
2019-03-07,18,18,18,24,24,24,28,28,28,51,51,51
2019-03-06,16,16,16,21,21,21,66,66,66,49,49,49
2019-03-05,13,13,13,12,12,12,81,81,81,53,53,53
2019-03-04,33,33,33,41,41,41,30,30,30,56,56,56
2019-03-03,17,17,17,22,22,22,87,87,87,49,49,49
2019-03-02,12,12,12,18,18,18,90,90,90,56,56,56
2019-03-01,19,19,19,26,26,26,84,84,84,53,53,53
2019-02-28,20,20,20,29,29,29,63,63,63,64,64,64
2019-02-27,23,23,23,33,33,33,64,64,64,"-","-","-"
2019-02-26,35,35,35,52,52,52,30,30,30,54,54,54
2019-02-25,27,27,27,33,33,33,61,61,61,59,59,59
2019-02-24,36,36,36,45,45,45,59,59,59,50,50,50
2019-02-23,26,26,26,35,35,35,60,60,60,48,48,48
2019-02-22,23,23,23,31,31,31,76,76,76,68,68,68
2019-02-21,26,26,26,44,44,44,69,69,69,70,70,70
2019-02-20,31,31,31,50,50,50,60,60,60,65,65,65
2019-02-19,29,29,29,38,38,38,69,69,69,73,73,73
2019-02-18,24,24,24,30,30,30,63,63,63,72,72,72
2019-02-17,16,16,16,21,21,21,73,73,73,64,64,64
2019-02-16,21,21,21,25,25,25,62,62,62,64,64,64
2019-02-15,25,25,25,32,32,32,49,49,49,67,67,67
2019-02-14,23,23,23,31,31,31,50,50,50,66,66,66
2019-02-13,20,20,20,30,30,30,54,54,54,71,71,71
2019-02-12,24,24,24,29,29,29,56,56,56,79,79,79
2019-02-11,20,20,20,20,20,20,64,64,64,44,44,44
2019-02-10,41,41,41,46,46,46,20,20,20,56,56,56
2019-02-09,26,26,26,25,25,25,54,54,54,64,64,64
2019-02-08,28,28,28,34,34,34,46,46,46,70,70,70
2019-02-07,34,34,34,41,41,41,26,26,26,82,82,82
2019-02-06,25,25,25,27,27,27,43,43,43,75,75,75
2019-02-05,21,21,21,27,27,27,54,54,54,73,73,73
2019-02-04,18,18,18,21,21,21,47,47,47,127,127,127
2019-02-03,41,41,41,43,43,43,"-","-","-",52,52,52
2019-02-02,32,32,32,33,33,33,6,6,6,50,50,50
2019-02-01,42,42,42,43,43,43,8,8,8,59,59,59
2019-01-31,32,32,32,38,38,38,31,31,31,55,55,55
2019-01-30,28,28,28,38,38,38,37,37,37,49,49,49
2019-01-29,29,29,29,35,35,35,32,32,32,64,64,64
2019-01-28,45,45,45,52,52,52,20,20,20,65,65,65
2019-01-27,51,51,51,59,59,59,8,8,8,51,51,51
2019-01-26,31,31,31,38,38,38,38,38,38,65,65,65
2019-01-25,30,30,30,40,40,40,44,44,44,79,79,79
2019-01-24,26,26,26,34,34,34,45,45,45,68,68,68
2019-01-23,38,38,38,43,43,43,33,33,33,62,62,62
2019-01-22,24,24,24,29,29,29,44,44,44,66,66,66
2019-01-21,25,25,25,32,32,32,43,43,43,67,67,67
2019-01-20,23,23,23,26,26,26,46,46,46,55,55,55
2019-01-19,31,31,31,36,36,36,28,28,28,51,51,51
2019-01-18,34,34,34,44,44,44,33,33,33,69,69,69
2019-01-17,43,43,43,54,54,54,8,8,8,58,58,58
2019-01-16,24,24,24,31,31,31,29,29,29,61,61,61
2019-01-15,18,18,18,21,21,21,64,64,64,58,58,58
2019-01-14,11,11,11,12,12,12,65,65,65,37,37,37
2019-01-13,26,26,26,30,30,30,32,32,32,64,64,64
2019-01-12,38,38,38,45,45,45,16,16,16,70,70,70
2019-01-11,28,28,28,41,41,41,27,27,27,70,70,70
2019-01-10,22,22,22,29,29,29,32,32,32,60,60,60
2019-01-09,16,16,16,24,24,24,46,46,46,67,67,67
2019-01-08,42,42,42,50,50,50,22,22,22,63,63,63
2019-01-07,35,35,35,54,54,54,22,22,22,64,64,64
2019-01-06,23,23,23,26,26,26,37,37,37,66,66,66
2019-01-05,36,36,36,46,46,46,30,30,30,78,78,78
2019-01-04,48,48,48,65,65,65,24,24,24,74,74,74
2019-01-03,24,24,24,30,30,30,65,65,65,71,71,71
2019-01-02,12,12,12,13,13,13,75,75,75,38,38,38
2019-01-01,65,65,65,75,75,75,17,17,17,47,47,47
