#Data for Cremona Cadorna, Lombardia from 2019/01/01 to 2020/04/03. [generated on 2020-04-03 05:44]
#Station is located at latitude 45.13195042, longitude 10.01574064
#Values are unconverted and expressed in milligrams per cubic meter.
#Values are based on daily average
#Attribution: Agenzia Regionale per la Protezione dell'Ambiente della Lombardia)  https://ita.arpalombardia.it/ITA/
date,pm25,pm25_min,pm25_max,pm10,pm10_min,pm10_max,no2,no2_min,no2_max,so2,so2_min,so2_max,co,co_min,co_max
2020-04-01,21,21,21,23,23,23,38,38,38,2,2,2,0.4,0.4,0.4
2020-03-31,8,8,8,10,10,10,33,33,33,2,2,2,0.3,0.3,0.3
2020-03-30,22,22,22,30,30,30,28,28,28,3,3,3,0.3,0.3,0.3
2020-03-29,28,28,28,69,69,69,23,23,23,2,2,2,0.3,0.3,0.3
2020-03-28,27,27,27,58,58,58,20,20,20,7,7,7,0.4,0.4,0.4
2020-03-27,21,21,21,41,41,41,30,30,30,2,2,2,0.4,0.4,0.4
2020-03-26,13,13,13,17,17,17,33,33,33,1,1,1,0.3,0.3,0.3
2020-03-25,13,13,13,18,18,18,35,35,35,1,1,1,0.2,0.2,0.2
2020-03-24,17,17,17,20,20,20,30,30,30,6,6,6,0.3,0.3,0.3
2020-03-23,10,10,10,15,15,15,16,16,16,1,1,1,0.2,0.2,0.2
2020-03-22,17,17,17,26,26,26,9,9,9,1,1,1,0.4,0.4,0.4
2020-03-21,28,28,28,32,32,32,32,32,32,3,3,3,0.4,0.4,0.4
2020-03-20,36,36,36,54,54,54,48,48,48,3,3,3,0.6,0.6,0.6
2020-03-19,37,37,37,57,57,57,79,79,79,4,4,4,0.6,0.6,0.6
2020-03-18,41,41,41,55,55,55,82,82,82,2,2,2,0.6,0.6,0.6
2020-03-17,24,24,24,33,33,33,74,74,74,2,2,2,0.5,0.5,0.5
2020-03-16,18,18,18,24,24,24,71,71,71,3,3,3,0.4,0.4,0.4
2020-03-15,12,12,12,15,15,15,31,31,31,1,1,1,0.3,0.3,0.3
2020-03-14,26,26,26,33,33,33,23,23,23,1,1,1,0.5,0.5,0.5
2020-03-13,22,22,22,31,31,31,31,31,31,4,4,4,0.4,0.4,0.4
2020-03-12,43,43,43,57,57,57,36,36,36,4,4,4,0.5,0.5,0.5
2020-03-11,19,19,19,28,28,28,55,55,55,6,6,6,0.4,0.4,0.4
2020-03-10,18,18,18,26,26,26,"-","-","-",5,5,5,0.4,0.4,0.4
2020-03-09,22,22,22,32,32,32,"-","-","-",2,2,2,0.4,0.4,0.4
2020-03-08,14,14,14,14,14,14,"-","-","-",2,2,2,0.4,0.4,0.4
2020-03-07,31,31,31,40,40,40,"-","-","-",6,6,6,0.6,0.6,0.6
2020-03-06,17,17,17,21,21,21,"-","-","-",1,1,1,0.5,0.5,0.5
2020-03-05,14,14,14,24,24,24,"-","-","-",1,1,1,0.4,0.4,0.4
2020-03-04,19,19,19,22,22,22,"-","-","-",4,4,4,0.6,0.6,0.6
2020-03-03,13,13,13,18,18,18,"-","-","-",1,1,1,0.6,0.6,0.6
2020-03-02,24,24,24,13,13,13,"-","-","-",1,1,1,0.5,0.5,0.5
2020-03-01,16,16,16,26,26,26,"-","-","-",1,1,1,0.4,0.4,0.4
2020-02-29,20,20,20,64,64,64,"-","-","-",2,2,2,0.5,0.5,0.5
2020-02-28,11,11,11,38,38,38,"-","-","-",4,4,4,0.4,0.4,0.4
2020-02-27,8,8,8,12,12,12,"-","-","-",5,5,5,0.4,0.4,0.4
2020-02-26,31,31,31,44,44,44,"-","-","-",1,1,1,0.5,0.5,0.5
2020-02-25,66,66,66,87,87,87,29,29,29,1,1,1,0.5,0.5,0.5
2020-02-24,38,38,38,50,50,50,35,35,35,2,2,2,"-","-","-"
2020-02-23,48,48,48,66,66,66,65,65,65,3,3,3,"-","-","-"
2020-02-22,46,46,46,60,60,60,64,64,64,5,5,5,"-","-","-"
2020-02-21,42,42,42,58,58,58,76,76,76,5,5,5,0.8,0.8,0.8
2020-02-20,30,30,30,38,38,38,73,73,73,2,2,2,0.8,0.8,0.8
2020-02-19,41,41,41,54,54,54,46,46,46,6,6,6,0.5,0.5,0.5
2020-02-18,34,34,34,46,46,46,52,52,52,1,1,1,0.6,0.6,0.6
2020-02-17,72,72,72,90,90,90,50,50,50,2,2,2,0.6,0.6,0.6
2020-02-16,73,73,73,90,90,90,54,54,54,4,4,4,0.9,0.9,0.9
2020-02-15,63,63,63,79,79,79,72,72,72,3,3,3,0.9,0.9,0.9
2020-02-14,39,39,39,55,55,55,60,60,60,6,6,6,0.6,0.6,0.6
2020-02-13,34,34,34,49,49,49,71,71,71,3,3,3,0.6,0.6,0.6
2020-02-12,15,15,15,15,15,15,75,75,75,2,2,2,0.4,0.4,0.4
2020-02-11,33,33,33,37,37,37,66,66,66,2,2,2,0.6,0.6,0.6
2020-02-10,66,66,66,80,80,80,56,56,56,4,4,4,0.7,0.7,0.7
2020-02-09,"-","-","-",82,82,82,62,62,62,12,12,12,1.1,1.1,1.1
2020-02-08,"-","-","-",56,56,56,79,79,79,4,4,4,0.9,0.9,0.9
2020-02-07,32,32,32,37,37,37,65,65,65,6,6,6,0.7,0.7,0.7
2020-02-06,22,22,22,22,22,22,81,81,81,3,3,3,0.7,0.7,0.7
2020-02-05,9,9,9,12,12,12,76,76,76,2,2,2,0.7,0.7,0.7
2020-02-04,34,34,34,40,40,40,26,26,26,3,3,3,0.7,0.7,0.7
2020-02-03,20,20,20,35,35,35,41,41,41,1,1,1,0.5,0.5,0.5
2020-02-02,36,36,36,46,46,46,41,41,41,2,2,2,0.5,0.5,0.5
2020-02-01,66,66,66,78,78,78,46,46,46,2,2,2,0.9,0.9,0.9
2020-01-31,49,49,49,64,64,64,73,73,73,9,9,9,0.8,0.8,0.8
2020-01-30,31,31,31,50,50,50,64,64,64,3,3,3,0.7,0.7,0.7
2020-01-29,39,39,39,48,48,48,69,69,69,4,4,4,0.5,0.5,0.5
2020-01-28,77,77,77,89,89,89,46,46,46,2,2,2,0.7,0.7,0.7
2020-01-23,44,44,44,61,61,61,64,64,64,3,3,3,0.8,0.8,0.8
2020-01-22,40,40,40,53,53,53,70,70,70,14,14,14,0.8,0.8,0.8
2020-01-21,30,30,30,42,42,42,65,65,65,7,7,7,0.8,0.8,0.8
2020-01-20,25,25,25,35,35,35,84,84,84,3,3,3,0.8,0.8,0.8
2020-01-19,36,36,36,43,43,43,48,48,48,2,2,2,0.9,0.9,0.9
2020-01-18,39,39,39,49,49,49,61,61,61,2,2,2,0.8,0.8,0.8
2020-01-17,68,68,68,85,85,85,62,62,62,11,11,11,1,1,1
2020-01-16,95,95,95,108,108,108,56,56,56,"-","-","-",1,1,1
2020-01-15,84,84,84,96,96,96,48,48,48,"-","-","-",0.9,0.9,0.9
2020-01-14,75,75,75,90,90,90,54,54,54,"-","-","-",1.1,1.1,1.1
2020-01-13,63,63,63,79,79,79,64,64,64,"-","-","-",1.3,1.3,1.3
2020-01-12,52,52,52,63,63,63,60,60,60,1,1,1,1.2,1.2,1.2
2020-01-11,61,61,61,73,73,73,70,70,70,1,1,1,1.1,1.1,1.1
2020-01-10,53,53,53,67,67,67,68,68,68,1,1,1,1.1,1.1,1.1
2020-01-09,42,42,42,62,62,62,57,57,57,3,3,3,1.1,1.1,1.1
2020-01-08,35,35,35,56,56,56,50,50,50,1,1,1,0.6,0.6,0.6
2020-01-07,35,35,35,60,60,60,49,49,49,1,1,1,0.6,0.6,0.6
2020-01-06,32,32,32,42,42,42,41,41,41,1,1,1,0.8,0.8,0.8
2020-01-05,49,49,49,58,58,58,77,77,77,3,3,3,1,1,1
2020-01-04,51,51,51,62,62,62,65,65,65,4,4,4,1,1,1
2020-01-03,58,58,58,70,70,70,63,63,63,4,4,4,1,1,1
2020-01-02,68,68,68,83,83,83,47,47,47,2,2,2,1.8,1.8,1.8
2020-01-01,84,84,84,97,97,97,70,70,70,3,3,3,1.7,1.7,1.7
2019-12-31,51,51,51,63,63,63,55,55,55,3,3,3,1,1,1
2019-12-30,36,36,36,50,50,50,47,47,47,2,2,2,0.5,0.5,0.5
2019-12-29,55,55,55,68,68,68,42,42,42,2,2,2,1.1,1.1,1.1
2019-12-28,51,51,51,62,62,62,51,51,51,4,4,4,1,1,1
2019-12-27,36,36,36,52,52,52,56,56,56,2,2,2,0.8,0.8,0.8
2019-12-26,32,32,32,42,42,42,53,53,53,2,2,2,0.8,0.8,0.8
2019-12-25,23,23,23,32,32,32,54,54,54,5,5,5,0.8,0.8,0.8
2019-12-24,11,11,11,14,14,14,64,64,64,4,4,4,0.5,0.5,0.5
2019-12-23,6,6,6,9,9,9,27,27,27,2,2,2,0.2,0.2,0.2
2019-12-22,4,4,4,10,10,10,27,27,27,2,2,2,0.6,0.6,0.6
2019-12-21,9,9,9,17,17,17,51,51,51,2,2,2,0.6,0.6,0.6
2019-12-20,13,13,13,25,25,25,44,44,44,1,1,1,0.7,0.7,0.7
2019-12-19,27,27,27,45,45,45,44,44,44,3,3,3,0.9,0.9,0.9
2019-12-18,25,25,25,42,42,42,40,40,40,2,2,2,0.8,0.8,0.8
2019-12-17,41,41,41,59,59,59,47,47,47,3,3,3,0.8,0.8,0.8
2019-12-16,43,43,43,55,55,55,40,40,40,3,3,3,0.7,0.7,0.7
2019-12-15,39,39,39,50,50,50,54,54,54,2,2,2,0.9,0.9,0.9
2019-12-14,23,23,23,25,25,25,73,73,73,4,4,4,0.9,0.9,0.9
2019-12-13,18,18,18,23,23,23,54,54,54,1,1,1,0.5,0.5,0.5
2019-12-12,19,19,19,24,24,24,61,61,61,1,1,1,0.7,0.7,0.7
2019-12-11,27,27,27,39,39,39,67,67,67,2,2,2,0.7,0.7,0.7
2019-12-10,36,36,36,49,49,49,81,81,81,4,4,4,1.1,1.1,1.1
2019-12-09,67,67,67,87,87,87,55,55,55,4,4,4,1.1,1.1,1.1
2019-12-08,61,61,61,79,79,79,53,53,53,4,4,4,1,1,1
2019-12-07,54,54,54,69,69,69,78,78,78,6,6,6,0.9,0.9,0.9
2019-12-06,49,49,49,69,69,69,52,52,52,3,3,3,0.8,0.8,0.8
2019-12-05,37,37,37,53,53,53,62,62,62,3,3,3,0.8,0.8,0.8
2019-12-04,22,22,22,32,32,32,69,69,69,3,3,3,0.8,0.8,0.8
2019-12-03,13,13,13,20,20,20,56,56,56,2,2,2,0.5,0.5,0.5
2019-12-02,10,10,10,18,18,18,53,53,53,1,1,1,0.5,0.5,0.5
2019-12-01,23,23,23,37,37,37,42,42,42,1,1,1,0.4,0.4,0.4
2019-11-30,25,25,25,37,37,37,46,46,46,1,1,1,0.4,0.4,0.4
2019-11-29,27,27,27,38,38,38,44,44,44,2,2,2,0.6,0.6,0.6
2019-11-28,17,17,17,31,31,31,40,40,40,1,1,1,0.5,0.5,0.5
2019-11-27,15,15,15,27,27,27,44,44,44,1,1,1,0.7,0.7,0.7
2019-11-26,20,20,20,32,32,32,46,46,46,1,1,1,0.7,0.7,0.7
2019-11-25,8,8,8,15,15,15,48,48,48,1,1,1,0.4,0.4,0.4
2019-11-24,4,4,4,8,8,8,31,31,31,1,1,1,0.2,0.2,0.2
2019-11-23,3,3,3,10,10,10,33,33,33,1,1,1,0.3,0.3,0.3
2019-11-22,28,28,28,39,39,39,39,39,39,1,1,1,0.6,0.6,0.6
2019-11-21,26,26,26,30,30,30,50,50,50,1,1,1,0.7,0.7,0.7
2019-11-20,10,10,10,18,18,18,41,41,41,1,1,1,0.6,0.6,0.6
2019-11-19,10,10,10,16,16,16,55,55,55,1,1,1,0.4,0.4,0.4
2019-11-18,15,15,15,19,19,19,51,51,51,7,7,7,0.4,0.4,0.4
2019-11-17,6,6,6,9,9,9,40,40,40,6,6,6,0.5,0.5,0.5
2019-11-16,18,18,18,25,25,25,41,41,41,7,7,7,0.5,0.5,0.5
2019-11-15,7,7,7,11,11,11,52,52,52,7,7,7,0.4,0.4,0.4
2019-11-14,15,15,15,21,21,21,44,44,44,7,7,7,"-","-","-"
2019-11-13,15,15,15,23,23,23,75,75,75,10,10,10,"-","-","-"
2019-11-12,8,8,8,11,11,11,51,51,51,6,6,6,0.5,0.5,0.5
2019-11-11,12,12,12,20,20,20,49,49,49,7,7,7,0.6,0.6,0.6
2019-11-10,24,24,24,34,34,34,38,38,38,6,6,6,0.7,0.7,0.7
2019-11-09,13,13,13,19,19,19,50,50,50,9,9,9,0.6,0.6,0.6
2019-11-08,7,7,7,12,12,12,53,53,53,6,6,6,0.4,0.4,0.4
2019-11-07,12,12,12,21,21,21,54,54,54,6,6,6,0.5,0.5,0.5
2019-11-06,10,10,10,17,17,17,43,43,43,6,6,6,0.6,0.6,0.6
2019-11-05,14,14,14,26,26,26,42,42,42,7,7,7,0.6,0.6,0.6
2019-11-04,11,11,11,21,21,21,54,54,54,7,7,7,0.5,0.5,0.5
2019-11-03,5,5,5,8,8,8,25,25,25,5,5,5,0.4,0.4,0.4
2019-11-02,19,19,19,20,20,20,26,26,26,6,6,6,0.3,0.3,0.3
2019-11-01,16,16,16,17,17,17,36,36,36,7,7,7,0.3,0.3,0.3
2019-10-31,8,8,8,19,19,19,40,40,40,6,6,6,0.3,0.3,0.3
2019-10-30,19,19,19,22,22,22,35,35,35,6,6,6,0.4,0.4,0.4
2019-10-29,52,52,52,59,59,59,50,50,50,6,6,6,0.5,0.5,0.5
2019-10-28,31,31,31,49,49,49,54,54,54,6,6,6,0.9,0.9,0.9
2019-10-27,19,19,19,31,31,31,55,55,55,14,14,14,0.8,0.8,0.8
2019-10-26,25,25,25,32,32,32,39,39,39,10,10,10,0.5,0.5,0.5
2019-10-25,22,22,22,29,29,29,57,57,57,7,7,7,0.5,0.5,0.5
2019-10-24,34,34,34,51,51,51,52,52,52,5,5,5,0.4,0.4,0.4
2019-10-23,20,20,20,39,39,39,69,69,69,7,7,7,0.6,0.6,0.6
2019-10-22,20,20,20,40,40,40,50,50,50,6,6,6,0.6,0.6,0.6
2019-10-21,12,12,12,30,30,30,50,50,50,6,6,6,0.3,0.3,0.3
2019-10-20,12,12,12,25,25,25,38,38,38,6,6,6,0.3,0.3,0.3
2019-10-19,24,24,24,36,36,36,31,31,31,6,6,6,0.3,0.3,0.3
2019-10-18,8,8,8,19,19,19,52,52,52,5,5,5,0.5,0.5,0.5
2019-10-17,17,17,17,32,32,32,58,58,58,12,12,12,0.5,0.5,0.5
2019-10-16,7,7,7,16,16,16,71,71,71,8,8,8,0.5,0.5,0.5
2019-10-15,44,44,44,57,57,57,43,43,43,5,5,5,0.5,0.5,0.5
2019-10-14,45,45,45,76,76,76,59,59,59,9,9,9,0.5,0.5,0.5
2019-10-13,48,48,48,74,74,74,48,48,48,8,8,8,0.5,0.5,0.5
2019-10-12,33,33,33,52,52,52,38,38,38,11,11,11,0.5,0.5,0.5
2019-10-11,24,24,24,41,41,41,55,55,55,6,6,6,0.4,0.4,0.4
2019-10-10,25,25,25,45,45,45,44,44,44,6,6,6,0.3,0.3,0.3
2019-10-09,19,19,19,32,32,32,55,55,55,7,7,7,0.3,0.3,0.3
2019-10-08,10,10,10,21,21,21,53,53,53,6,6,6,0.3,0.3,0.3
2019-10-07,8,8,8,13,13,13,31,31,31,5,5,5,0.3,0.3,0.3
2019-10-06,24,24,24,41,41,41,34,34,34,6,6,6,0.4,0.4,0.4
2019-10-05,19,19,19,38,38,38,57,57,57,13,13,13,0.4,0.4,0.4
2019-10-04,6,6,6,19,19,19,53,53,53,7,7,7,0.4,0.4,0.4
2019-10-03,6,6,6,12,12,12,38,38,38,6,6,6,0.3,0.3,0.3
2019-10-02,12,12,12,24,24,24,59,59,59,6,6,6,0.3,0.3,0.3
2019-10-01,15,15,15,39,39,39,33,33,33,15,15,15,0.3,0.3,0.3
2019-09-30,8,8,8,23,23,23,41,41,41,10,10,10,0.2,0.2,0.2
2019-09-29,8,8,8,17,17,17,27,27,27,8,8,8,0.2,0.2,0.2
2019-09-28,18,18,18,35,35,35,38,38,38,7,7,7,0.4,0.4,0.4
2019-09-27,23,23,23,30,30,30,43,43,43,6,6,6,0.4,0.4,0.4
2019-09-26,32,32,32,"-","-","-",62,62,62,6,6,6,0.4,0.4,0.4
2019-09-25,28,28,28,"-","-","-",47,47,47,7,7,7,0.4,0.4,0.4
2019-09-24,21,21,21,3,3,3,58,58,58,8,8,8,0.5,0.5,0.5
2019-09-23,11,11,11,18,18,18,38,38,38,5,5,5,0.4,0.4,0.4
2019-09-22,13,13,13,30,30,30,38,38,38,5,5,5,0.3,0.3,0.3
2019-09-21,13,13,13,24,24,24,58,58,58,7,7,7,0.3,0.3,0.3
2019-09-20,7,7,7,16,16,16,41,41,41,5,5,5,0.3,0.3,0.3
2019-09-19,6,6,6,8,8,8,46,46,46,5,5,5,0.3,0.3,0.3
2019-09-18,21,21,21,36,36,36,57,57,57,7,7,7,0.3,0.3,0.3
2019-09-17,32,32,32,36,36,36,69,69,69,6,6,6,0.4,0.4,0.4
2019-09-16,26,26,26,37,37,37,61,61,61,8,8,8,0.4,0.4,0.4
2019-09-15,19,19,19,28,28,28,54,54,54,7,7,7,0.3,0.3,0.3
2019-09-14,23,23,23,30,30,30,51,51,51,7,7,7,0.4,0.4,0.4
2019-09-13,26,26,26,24,24,24,61,61,61,6,6,6,0.4,0.4,0.4
2019-09-12,17,17,17,"-","-","-",79,79,79,6,6,6,0.4,0.4,0.4
2019-09-11,12,12,12,3,3,3,58,58,58,9,9,9,0.3,0.3,0.3
2019-09-10,11,11,11,12,12,12,45,45,45,6,6,6,0.3,0.3,0.3
2019-09-09,6,6,6,8,8,8,59,59,59,8,8,8,0.3,0.3,0.3
2019-09-08,5,5,5,5,5,5,23,23,23,5,5,5,0.2,0.2,0.2
2019-09-07,11,11,11,9,9,9,41,41,41,13,13,13,0.2,0.2,0.2
2019-09-06,4,4,4,5,5,5,28,28,28,6,6,6,0.2,0.2,0.2
2019-09-05,14,14,14,14,14,14,50,50,50,6,6,6,0.2,0.2,0.2
2019-09-04,8,8,8,14,14,14,33,33,33,5,5,5,0.2,0.2,0.2
2019-09-03,7,7,7,14,14,14,26,26,26,5,5,5,0.2,0.2,0.2
2019-09-02,12,12,12,23,23,23,35,35,35,5,5,5,0.3,0.3,0.3
2019-09-01,19,19,19,33,33,33,30,30,30,8,8,8,0.3,0.3,0.3
2019-08-31,23,23,23,33,33,33,41,41,41,6,6,6,0.3,0.3,0.3
2019-08-30,20,20,20,32,32,32,49,49,49,6,6,6,0.3,0.3,0.3
2019-08-29,14,14,14,22,22,22,33,33,33,7,7,7,0.2,0.2,0.2
2019-08-28,25,25,25,41,41,41,41,41,41,4,4,4,0.3,0.3,0.3
2019-08-27,19,19,19,31,31,31,48,48,48,5,5,5,0.3,0.3,0.3
2019-08-26,20,20,20,29,29,29,35,35,35,5,5,5,0.3,0.3,0.3
2019-08-25,16,16,16,22,22,22,29,29,29,5,5,5,0.2,0.2,0.2
2019-08-24,23,23,23,37,37,37,34,34,34,5,5,5,0.3,0.3,0.3
2019-08-23,16,16,16,35,35,35,36,36,36,5,5,5,0.3,0.3,0.3
2019-08-22,10,10,10,14,14,14,25,25,25,6,6,6,0.3,0.3,0.3
2019-08-21,12,12,12,17,17,17,38,38,38,5,5,5,0.3,0.3,0.3
2019-08-20,12,12,12,27,27,27,35,35,35,4,4,4,0.3,0.3,0.3
2019-08-19,14,14,14,24,24,24,26,26,26,5,5,5,0.3,0.3,0.3
2019-08-18,11,11,11,22,22,22,28,28,28,5,5,5,0.3,0.3,0.3
2019-08-17,5,5,5,19,19,19,44,44,44,5,5,5,0.3,0.3,0.3
2019-08-16,7,7,7,12,12,12,31,31,31,5,5,5,0.3,0.3,0.3
2019-08-15,6,6,6,17,17,17,35,35,35,6,6,6,0.3,0.3,0.3
2019-08-14,7,7,7,14,14,14,33,33,33,5,5,5,0.2,0.2,0.2
2019-08-13,10,10,10,12,12,12,24,24,24,5,5,5,0.2,0.2,0.2
2019-08-12,12,12,12,20,20,20,24,24,24,6,6,6,0.3,0.3,0.3
2019-08-11,10,10,10,23,23,23,19,19,19,6,6,6,0.3,0.3,0.3
2019-08-10,21,21,21,29,29,29,37,37,37,6,6,6,0.3,0.3,0.3
2019-08-09,14,14,14,29,29,29,43,43,43,8,8,8,0.4,0.4,0.4
2019-08-08,7,7,7,17,17,17,30,30,30,4,4,4,0.3,0.3,0.3
2019-08-07,8,8,8,16,16,16,19,19,19,5,5,5,0.3,0.3,0.3
2019-08-06,13,13,13,27,27,27,25,25,25,4,4,4,0.3,0.3,0.3
2019-08-05,6,6,6,16,16,16,24,24,24,5,5,5,0.3,0.3,0.3
2019-08-04,9,9,9,21,21,21,38,38,38,5,5,5,0.3,0.3,0.3
2019-08-03,9,9,9,16,16,16,37,37,37,12,12,12,0.3,0.3,0.3
2019-08-02,11,11,11,30,30,30,43,43,43,7,7,7,0.3,0.3,0.3
2019-08-01,14,14,14,27,27,27,32,32,32,5,5,5,0.3,0.3,0.3
2019-07-31,11,11,11,23,23,23,40,40,40,4,4,4,0.3,0.3,0.3
2019-07-30,10,10,10,22,22,22,32,32,32,7,7,7,0.3,0.3,0.3
2019-07-29,9,9,9,17,17,17,32,32,32,6,6,6,0.3,0.3,0.3
2019-07-28,6,6,6,19,19,19,20,20,20,4,4,4,0.2,0.2,0.2
2019-07-27,11,11,11,21,21,21,19,19,19,4,4,4,0.2,0.2,0.2
2019-07-26,11,11,11,31,31,31,39,39,39,6,6,6,0.3,0.3,0.3
2019-07-25,19,19,19,42,42,42,46,46,46,4,4,4,0.3,0.3,0.3
2019-07-24,20,20,20,46,46,46,44,44,44,5,5,5,0.3,0.3,0.3
2019-07-23,24,24,24,51,51,51,42,42,42,5,5,5,0.3,0.3,0.3
2019-07-22,21,21,21,40,40,40,41,41,41,7,7,7,0.3,0.3,0.3
2019-07-21,12,12,12,24,24,24,21,21,21,7,7,7,0.3,0.3,0.3
2019-07-20,18,18,18,30,30,30,36,36,36,5,5,5,0.3,0.3,0.3
2019-07-19,16,16,16,29,29,29,38,38,38,5,5,5,0.3,0.3,0.3
2019-07-18,12,12,12,26,26,26,45,45,45,5,5,5,0.3,0.3,0.3
2019-07-17,8,8,8,19,19,19,31,31,31,12,12,12,0.3,0.3,0.3
2019-07-16,11,11,11,20,20,20,32,32,32,7,7,7,0.4,0.4,0.4
2019-07-15,5,5,5,12,12,12,28,28,28,5,5,5,0.3,0.3,0.3
2019-07-14,4,4,4,246,246,246,16,16,16,5,5,5,0.3,0.3,0.3
2019-07-13,11,11,11,573,573,573,26,26,26,5,5,5,0.3,0.3,0.3
2019-07-12,9,9,9,26,26,26,29,29,29,8,8,8,0.3,0.3,0.3
2019-07-11,5,5,5,17,17,17,29,29,29,6,6,6,0.3,0.3,0.3
2019-07-10,5,5,5,13,13,13,20,20,20,5,5,5,0.2,0.2,0.2
2019-07-09,10,10,10,19,19,19,21,21,21,5,5,5,0.3,0.3,0.3
2019-07-08,9,9,9,23,23,23,30,30,30,6,6,6,0.3,0.3,0.3
2019-07-07,13,13,13,22,22,22,32,32,32,4,4,4,0.3,0.3,0.3
2019-07-06,19,19,19,31,31,31,38,38,38,5,5,5,0.3,0.3,0.3
2019-07-05,13,13,13,27,27,27,48,48,48,6,6,6,0.3,0.3,0.3
2019-07-04,10,10,10,14,14,14,52,52,52,5,5,5,0.3,0.3,0.3
2019-07-03,12,12,12,25,25,25,37,37,37,5,5,5,0.3,0.3,0.3
2019-07-02,9,9,9,23,23,23,42,42,42,7,7,7,0.3,0.3,0.3
2019-07-01,17,17,17,34,34,34,63,63,63,6,6,6,0.3,0.3,0.3
2019-06-30,11,11,11,29,29,29,55,55,55,6,6,6,0.3,0.3,0.3
2019-06-29,12,12,12,33,33,33,36,36,36,6,6,6,0.3,0.3,0.3
2019-06-17,7,7,7,28,28,28,45,45,45,5,5,5,0.3,0.3,0.3
2019-06-16,6,6,6,29,29,29,28,28,28,11,11,11,0.3,0.3,0.3
2019-06-15,12,12,12,47,47,47,37,37,37,6,6,6,0.3,0.3,0.3
2019-06-14,7,7,7,29,29,29,37,37,37,7,7,7,0.3,0.3,0.3
2019-06-13,6,6,6,19,19,19,40,40,40,10,10,10,0.3,0.3,0.3
2019-06-12,10,10,10,41,41,41,28,28,28,6,6,6,0.3,0.3,0.3
2019-06-11,9,9,9,57,57,57,26,26,26,6,6,6,0.3,0.3,0.3
2019-06-10,8,8,8,47,47,47,41,41,41,7,7,7,0.3,0.3,0.3
2019-06-09,9,9,9,71,71,71,28,28,28,8,8,8,0.3,0.3,0.3
2019-06-08,9,9,9,75,75,75,21,21,21,5,5,5,0.3,0.3,0.3
2019-06-07,6,6,6,88,88,88,28,28,28,7,7,7,0.3,0.3,0.3
2019-06-06,10,10,10,15,15,15,19,19,19,4,4,4,0.3,0.3,0.3
2019-06-05,10,10,10,14,14,14,28,28,28,8,8,8,0.3,0.3,0.3
2019-06-04,10,10,10,15,15,15,38,38,38,7,7,7,0.3,0.3,0.3
2019-06-03,10,10,10,12,12,12,40,40,40,12,12,12,0.3,0.3,0.3
2019-06-02,8,8,8,8,8,8,39,39,39,16,16,16,0.3,0.3,0.3
2019-06-01,9,9,9,7,7,7,67,67,67,9,9,9,0.3,0.3,0.3
2019-05-31,4,4,4,6,6,6,35,35,35,5,5,5,0.3,0.3,0.3
2019-05-30,4,4,4,8,8,8,28,28,28,4,4,4,0.2,0.2,0.2
2019-05-29,5,5,5,6,6,6,25,25,25,4,4,4,0.3,0.3,0.3
2019-05-28,8,8,8,15,15,15,25,25,25,5,5,5,0.3,0.3,0.3
2019-05-27,5,5,5,10,10,10,35,35,35,3,3,3,0.3,0.3,0.3
2019-05-26,7,7,7,17,17,17,20,20,20,4,4,4,0.3,0.3,0.3
2019-05-25,13,13,13,25,25,25,28,28,28,8,8,8,0.3,0.3,0.3
2019-05-24,13,13,13,25,25,25,32,32,32,6,6,6,0.3,0.3,0.3
2019-05-23,7,7,7,17,17,17,26,26,26,7,7,7,0.3,0.3,0.3
2019-05-22,9,9,9,20,20,20,30,30,30,6,6,6,0.3,0.3,0.3
2019-05-21,4,4,4,16,16,16,29,29,29,5,5,5,0.3,0.3,0.3
2019-05-20,3,3,3,12,12,12,25,25,25,4,4,4,0.3,0.3,0.3
2019-05-19,5,5,5,8,8,8,34,34,34,3,3,3,0.3,0.3,0.3
2019-05-18,4,4,4,9,9,9,36,36,36,4,4,4,0.5,0.5,0.5
2019-05-17,6,6,6,11,11,11,24,24,24,5,5,5,0.3,0.3,0.3
2019-05-16,5,5,5,2,2,2,29,29,29,7,7,7,0.3,0.3,0.3
2019-05-15,4,4,4,7,7,7,55,55,55,5,5,5,0.3,0.3,0.3
2019-05-14,3,3,3,12,12,12,39,39,39,4,4,4,0.3,0.3,0.3
2019-05-13,5,5,5,10,10,10,49,49,49,4,4,4,0.3,0.3,0.3
2019-05-12,2,2,2,5,5,5,29,29,29,4,4,4,0.3,0.3,0.3
2019-05-11,7,7,7,20,20,20,28,28,28,5,5,5,0.3,0.3,0.3
2019-05-10,11,11,11,24,24,24,55,55,55,4,4,4,0.3,0.3,0.3
2019-05-09,5,5,5,12,12,12,56,56,56,6,6,6,0.3,0.3,0.3
2019-05-08,9,9,9,7,7,7,55,55,55,5,5,5,0.4,0.4,0.4
2019-05-07,6,6,6,4,4,4,32,32,32,5,5,5,0.3,0.3,0.3
2019-05-06,3,3,3,3,3,3,37,37,37,6,6,6,0.2,0.2,0.2
2019-05-05,2,2,2,5,5,5,13,13,13,4,4,4,0.2,0.2,0.2
2019-05-04,6,6,6,7,7,7,29,29,29,5,5,5,0.3,0.3,0.3
2019-05-03,5,5,5,8,8,8,39,39,39,5,5,5,0.3,0.3,0.3
2019-05-02,10,10,10,8,8,8,38,38,38,8,8,8,0.3,0.3,0.3
2019-05-01,7,7,7,12,12,12,18,18,18,5,5,5,0.3,0.3,0.3
2019-04-30,6,6,6,10,10,10,39,39,39,10,10,10,0.3,0.3,0.3
2019-04-29,4,4,4,8,8,8,24,24,24,4,4,4,0.2,0.2,0.2
2019-04-28,5,5,5,11,11,11,49,49,49,6,6,6,0.3,0.3,0.3
2019-04-27,5,5,5,6,6,6,32,32,32,16,16,16,0.3,0.3,0.3
2019-04-26,11,11,11,17,17,17,23,23,23,5,5,5,0.3,0.3,0.3
2019-04-25,13,13,13,24,24,24,28,28,28,4,4,4,0.3,0.3,0.3
2019-04-24,8,8,8,13,13,13,25,25,25,4,4,4,0.3,0.3,0.3
2019-04-23,6,6,6,5,5,5,31,31,31,4,4,4,0.3,0.3,0.3
2019-04-22,11,11,11,18,18,18,11,11,11,5,5,5,0.2,0.2,0.2
2019-04-21,10,10,10,13,13,13,33,33,33,5,5,5,0.3,0.3,0.3
2019-04-20,13,13,13,15,15,15,42,42,42,5,5,5,0.4,0.4,0.4
2019-04-19,18,18,18,19,19,19,77,77,77,6,6,6,0.4,0.4,0.4
2019-04-18,24,24,24,32,32,32,44,44,44,6,6,6,0.4,0.4,0.4
2019-04-17,24,24,24,29,29,29,60,60,60,13,13,13,0.4,0.4,0.4
2019-04-16,24,24,24,10,10,10,54,54,54,4,4,4,0.4,0.4,0.4
2019-04-15,14,14,14,5,5,5,58,58,58,12,12,12,0.4,0.4,0.4
2019-04-14,14,14,14,14,14,14,26,26,26,4,4,4,0.3,0.3,0.3
2019-04-13,12,12,12,16,16,16,30,30,30,4,4,4,0.3,0.3,0.3
2019-04-12,6,6,6,13,13,13,57,57,57,4,4,4,0.4,0.4,0.4
2019-04-11,7,7,7,14,14,14,37,37,37,4,4,4,0.4,0.4,0.4
2019-04-10,16,16,16,26,26,26,75,75,75,8,8,8,0.4,0.4,0.4
2019-04-09,18,18,18,26,26,26,63,63,63,7,7,7,0.4,0.4,0.4
2019-04-08,10,10,10,18,18,18,35,35,35,7,7,7,0.3,0.3,0.3
2019-04-07,13,13,13,25,25,25,22,22,22,4,4,4,0.3,0.3,0.3
2019-04-06,15,15,15,24,24,24,36,36,36,5,5,5,0.3,0.3,0.3
2019-04-05,6,6,6,12,12,12,50,50,50,8,8,8,0.3,0.3,0.3
2019-04-04,6,6,6,12,12,12,46,46,46,3,3,3,0.3,0.3,0.3
2019-04-03,12,12,12,23,23,23,62,62,62,5,5,5,0.3,0.3,0.3
2019-04-02,22,22,22,45,45,45,68,68,68,6,6,6,0.6,0.6,0.6
2019-04-01,28,28,28,49,49,49,83,83,83,8,8,8,0.5,0.5,0.5
2019-03-31,24,24,24,39,39,39,71,71,71,22,22,22,0.5,0.5,0.5
2019-03-30,17,17,17,32,32,32,74,74,74,12,12,12,0.4,0.4,0.4
2019-03-29,24,24,24,37,37,37,57,57,57,8,8,8,0.5,0.5,0.5
2019-03-28,11,11,11,20,20,20,44,44,44,4,4,4,0.3,0.3,0.3
2019-03-27,10,10,10,18,18,18,51,51,51,4,4,4,0.3,0.3,0.3
2019-03-26,7,7,7,17,17,17,36,36,36,4,4,4,0.2,0.2,0.2
2019-03-25,18,18,18,37,37,37,56,56,56,12,12,12,0.5,0.5,0.5
2019-03-24,29,29,29,49,49,49,96,96,96,15,15,15,1,1,1
2019-03-23,29,29,29,53,53,53,113,113,113,6,6,6,0.8,0.8,0.8
2019-03-22,26,26,26,46,46,46,62,62,62,7,7,7,0.6,0.6,0.6
2019-03-21,17,17,17,32,32,32,91,91,91,6,6,6,0.4,0.4,0.4
2019-03-20,12,12,12,20,20,20,51,51,51,4,4,4,0.3,0.3,0.3
2019-03-19,9,9,9,13,13,13,48,48,48,4,4,4,0.3,0.3,0.3
2019-03-18,10,10,10,14,14,14,35,35,35,5,5,5,0.4,0.4,0.4
2019-03-17,40,40,40,64,64,64,48,48,48,5,5,5,0.4,0.4,0.4
2019-03-16,31,31,31,52,52,52,53,53,53,9,9,9,0.5,0.5,0.5
2019-03-15,15,15,15,24,24,24,73,73,73,17,17,17,0.5,0.5,0.5
2019-03-14,17,17,17,29,29,29,83,83,83,11,11,11,0.5,0.5,0.5
2019-03-13,10,10,10,26,26,26,70,70,70,12,12,12,0.4,0.4,0.4
2019-03-12,6,6,6,14,14,14,73,73,73,8,8,8,0.4,0.4,0.4
2019-03-11,14,14,14,29,29,29,49,49,49,7,7,7,0.5,0.5,0.5
2019-03-10,13,13,13,27,27,27,73,73,73,11,11,11,0.5,0.5,0.5
2019-03-09,11,11,11,29,29,29,50,50,50,15,15,15,0.4,0.4,0.4
2019-03-08,20,20,20,34,34,34,51,51,51,34,34,34,0.6,0.6,0.6
2019-03-07,24,24,24,39,39,39,36,36,36,4,4,4,0.5,0.5,0.5
2019-03-06,32,32,32,51,51,51,68,68,68,4,4,4,0.9,0.9,0.9
2019-03-05,31,31,31,44,44,44,107,107,107,6,6,6,0.8,0.8,0.8
2019-03-04,47,47,47,69,69,69,57,57,57,4,4,4,0.5,0.5,0.5
2019-03-03,52,52,52,71,71,71,79,79,79,9,9,9,1,1,1
2019-03-02,44,44,44,63,63,63,95,95,95,7,7,7,0.9,0.9,0.9
2019-03-01,44,44,44,64,64,64,68,68,68,6,6,6,0.5,0.5,0.5
2019-02-28,48,48,48,69,69,69,84,84,84,11,11,11,1.4,1.4,1.4
2019-02-27,44,44,44,77,77,77,133,133,133,20,20,20,1.3,1.3,1.3
2019-02-26,44,44,44,70,70,70,141,141,141,15,15,15,1.1,1.1,1.1
2019-02-25,32,32,32,53,53,53,83,83,83,18,18,18,0.5,0.5,0.5
2019-02-24,19,19,19,31,31,31,51,51,51,5,5,5,0.4,0.4,0.4
2019-02-23,47,47,47,65,65,65,70,70,70,4,4,4,0.7,0.7,0.7
2019-02-22,63,63,63,78,78,78,85,85,85,6,6,6,0.8,0.8,0.8
2019-02-21,63,63,63,82,82,82,111,111,111,6,6,6,0.8,0.8,0.8
2019-02-20,62,62,62,81,81,81,58,58,58,8,8,8,0.7,0.7,0.7
2019-02-19,32,32,32,45,45,45,97,97,97,11,11,11,0.7,0.7,0.7
2019-02-18,54,54,54,71,71,71,95,95,95,7,7,7,1.1,1.1,1.1
2019-02-17,87,87,87,104,104,104,143,143,143,17,17,17,1,1,1
2019-02-16,74,74,74,93,93,93,100,100,100,14,14,14,0.9,0.9,0.9
2019-02-15,65,65,65,81,81,81,85,85,85,16,16,16,0.7,0.7,0.7
2019-02-14,40,40,40,56,56,56,86,86,86,14,14,14,0.7,0.7,0.7
2019-02-13,26,26,26,34,34,34,102,102,102,6,6,6,0.6,0.6,0.6
2019-02-12,10,10,10,18,18,18,78,78,78,7,7,7,0.4,0.4,0.4
2019-02-11,41,41,41,46,46,46,35,35,35,10,10,10,0.6,0.6,0.6
2019-02-10,79,79,79,91,91,91,61,61,61,6,6,6,0.7,0.7,0.7
2019-02-09,64,64,64,80,80,80,71,71,71,22,22,22,1.2,1.2,1.2
2019-02-08,59,59,59,79,79,79,113,113,113,9,9,9,1.2,1.2,1.2
2019-02-07,57,57,57,72,72,72,75,75,75,13,13,13,1.4,1.4,1.4
2019-02-06,54,54,54,71,71,71,120,120,120,10,10,10,1.4,1.4,1.4
2019-02-05,37,37,37,46,46,46,91,91,91,9,9,9,1.4,1.4,1.4
2019-02-04,26,26,26,33,33,33,97,97,97,7,7,7,1.2,1.2,1.2
2019-02-03,20,20,20,26,26,26,50,50,50,4,4,4,0.6,0.6,0.6
2019-02-02,24,24,24,28,28,28,47,47,47,3,3,3,0.6,0.6,0.6
2019-02-01,28,28,28,32,32,32,60,60,60,4,4,4,0.6,0.6,0.6
2019-01-31,34,34,34,38,38,38,54,54,54,3,3,3,0.6,0.6,0.6
2019-01-30,22,22,22,32,32,32,52,52,52,4,4,4,0.5,0.5,0.5
2019-01-29,38,38,38,45,45,45,68,68,68,6,6,6,1,1,1
2019-01-28,57,57,57,75,75,75,63,63,63,6,6,6,0.8,0.8,0.8
2019-01-27,71,71,71,85,85,85,60,60,60,4,4,4,0.9,0.9,0.9
2019-01-26,54,54,54,70,70,70,83,83,83,8,8,8,1,1,1
2019-01-25,50,50,50,64,64,64,95,95,95,9,9,9,0.9,0.9,0.9
2019-01-24,38,38,38,46,46,46,89,89,89,5,5,5,0.7,0.7,0.7
2019-01-23,32,32,32,41,41,41,47,47,47,3,3,3,0.9,0.9,0.9
2019-01-22,65,65,65,79,79,79,77,77,77,5,5,5,1.2,1.2,1.2
2019-01-21,60,60,60,77,77,77,64,64,64,5,5,5,0.8,0.8,0.8
2019-01-20,38,38,38,52,52,52,55,55,55,4,4,4,0.7,0.7,0.7
2019-01-19,9,9,9,16,16,16,49,49,49,3,3,3,0.4,0.4,0.4
2019-01-18,41,41,41,53,53,53,45,45,45,4,4,4,0.7,0.7,0.7
2019-01-17,49,49,49,65,65,65,69,69,69,5,5,5,1.1,1.1,1.1
2019-01-16,34,34,34,60,60,60,92,92,92,11,11,11,1.4,1.4,1.4
2019-01-15,20,20,20,37,37,37,149,149,149,9,9,9,1.3,1.3,1.3
2019-01-14,25,25,25,35,35,35,56,56,56,5,5,5,1.1,1.1,1.1
2019-01-13,60,60,60,75,75,75,87,87,87,6,6,6,1.1,1.1,1.1
2019-01-12,32,32,32,48,48,48,82,82,82,8,8,8,1.1,1.1,1.1
2019-01-11,29,29,29,46,46,46,97,97,97,7,7,7,1.1,1.1,1.1
2019-01-10,18,18,18,34,34,34,105,105,105,8,8,8,1,1,1
2019-01-09,31,31,31,50,50,50,68,68,68,5,5,5,0.7,0.7,0.7
2019-01-08,67,67,67,93,93,93,55,55,55,4,4,4,1.3,1.3,1.3
2019-01-07,82,82,82,103,103,103,77,77,77,5,5,5,1.1,1.1,1.1
2019-01-06,67,67,67,84,84,84,102,102,102,12,12,12,"-","-","-"
2019-01-05,53,53,53,68,68,68,76,76,76,8,8,8,"-","-","-"
2019-01-04,42,42,42,57,57,57,73,73,73,6,6,6,0.7,0.7,0.7
2019-01-03,20,20,20,35,35,35,98,98,98,6,6,6,0.6,0.6,0.6
2019-01-02,31,31,31,47,47,47,62,62,62,3,3,3,0.7,0.7,0.7
2019-01-01,52,52,52,67,67,67,47,47,47,4,4,4,0.9,0.9,0.9
