#Data for Brescia Villaggio Sereno, Lombardia from 2019/01/01 to 2020/04/03. [generated on 2020-04-03 05:44]
#Station is located at latitude 45.515945, longitude 10.21914764
#Values are unconverted and expressed in milligrams per cubic meter.
#Values are based on daily average
#Attribution: Agenzia Regionale per la Protezione dell'Ambiente della Lombardia)  https://ita.arpalombardia.it/ITA/
date,pm25,pm25_min,pm25_max,pm10,pm10_min,pm10_max,o3,o3_min,o3_max,no2,no2_min,no2_max,so2,so2_min,so2_max
2020-04-01,19,19,19,24,24,24,82,82,82,36,36,36,3,3,3
2020-03-31,14,14,14,13,13,13,67,67,67,25,25,25,3,3,3
2020-03-30,14,14,14,31,31,31,92,92,92,21,21,21,3,3,3
2020-03-29,24,24,24,85,85,85,106,106,106,18,18,18,2,2,2
2020-03-28,37,37,37,104,104,104,93,93,93,36,36,36,1,1,1
2020-03-27,29,29,29,31,31,31,70,70,70,34,34,34,1,1,1
2020-03-26,25,25,25,31,31,31,65,65,65,39,39,39,1,1,1
2020-03-25,17,17,17,19,19,19,82,82,82,33,33,33,1,1,1
2020-03-24,16,16,16,21,21,21,81,81,81,27,27,27,1,1,1
2020-03-23,14,14,14,21,21,21,73,73,73,36,36,36,1,1,1
2020-03-22,19,19,19,27,27,27,94,94,94,11,11,11,2,2,2
2020-03-21,43,43,43,48,48,48,103,103,103,27,27,27,3,3,3
2020-03-20,41,41,41,50,50,50,113,113,113,35,35,35,2,2,2
2020-03-19,31,31,31,36,36,36,106,106,106,76,76,76,2,2,2
2020-03-18,42,42,42,53,53,53,101,101,101,65,65,65,4,4,4
2020-03-17,36,36,36,43,43,43,92,92,92,77,77,77,3,3,3
2020-03-16,24,24,24,31,31,31,85,85,85,54,54,54,1,1,1
2020-03-15,19,19,19,18,18,18,86,86,86,39,39,39,1,1,1
2020-03-14,32,32,32,33,33,33,65,65,65,37,37,37,4,4,4
2020-03-13,27,27,27,35,35,35,72,72,72,33,33,33,3,3,3
2020-03-12,44,44,44,56,56,56,60,60,60,55,55,55,3,3,3
2020-03-11,32,32,32,41,41,41,77,77,77,60,60,60,5,5,5
2020-03-10,36,36,36,43,43,43,58,58,58,67,67,67,6,6,6
2020-03-09,25,25,25,31,31,31,71,71,71,68,68,68,4,4,4
2020-03-08,16,16,16,16,16,16,88,88,88,80,80,80,2,2,2
2020-03-07,30,30,30,37,37,37,69,69,69,55,55,55,3,3,3
2020-03-06,27,27,27,26,26,26,44,44,44,60,60,60,2,2,2
2020-03-05,17,17,17,18,18,18,65,65,65,55,55,55,1,1,1
2020-03-04,15,15,15,25,25,25,67,67,67,67,67,67,2,2,2
2020-03-03,26,26,26,28,28,28,18,18,18,50,50,50,2,2,2
2020-03-02,14,14,14,21,21,21,57,57,57,58,58,58,6,6,6
2020-03-01,21,21,21,24,24,24,70,70,70,26,26,26,"-","-","-"
2020-02-29,21,21,21,28,28,28,70,70,70,54,54,54,13,13,13
2020-02-28,17,17,17,21,21,21,88,88,88,98,98,98,2,2,2
2020-02-27,19,19,19,27,27,27,74,74,74,90,90,90,2,2,2
2020-02-26,44,44,44,50,50,50,72,72,72,70,70,70,2,2,2
2020-02-25,48,48,48,54,54,54,27,27,27,64,64,64,2,2,2
2020-02-24,38,38,38,53,53,53,77,77,77,59,59,59,1,1,1
2020-02-23,38,38,38,45,45,45,"-","-","-","-","-","-","-","-","-"
2020-02-22,36,36,36,45,45,45,52,52,52,55,55,55,1,1,1
2020-02-21,34,34,34,34,34,34,50,50,50,88,88,88,5,5,5
2020-02-20,20,20,20,25,25,25,66,66,66,84,84,84,2,2,2
2020-02-19,37,37,37,49,49,49,57,57,57,74,74,74,2,2,2
2020-02-18,45,45,45,58,58,58,28,28,28,71,71,71,5,5,5
2020-02-17,46,46,46,63,63,63,37,37,37,66,66,66,2,2,2
2020-02-16,55,55,55,60,60,60,60,60,60,85,85,85,1,1,1
2020-02-15,29,29,29,35,35,35,63,63,63,71,71,71,13,13,13
2020-02-14,34,34,34,42,42,42,36,36,36,79,79,79,2,2,2
2020-02-13,28,28,28,38,38,38,55,55,55,97,97,97,5,5,5
2020-02-12,17,17,17,28,28,28,77,77,77,108,108,108,5,5,5
2020-02-11,28,28,28,49,49,49,74,74,74,91,91,91,4,4,4
2020-02-10,46,46,46,60,60,60,28,28,28,62,62,62,3,3,3
2020-02-09,65,65,65,64,64,64,46,46,46,55,55,55,3,3,3
2020-02-08,41,41,41,55,55,55,44,44,44,87,87,87,3,3,3
2020-02-07,28,28,28,41,41,41,57,57,57,84,84,84,8,8,8
2020-02-06,20,20,20,29,29,29,62,62,62,91,91,91,4,4,4
2020-02-05,12,12,12,15,15,15,73,73,73,91,91,91,"-","-","-"
2020-02-04,18,18,18,33,33,33,73,73,73,48,48,48,1,1,1
2020-02-03,38,38,38,47,47,47,11,11,11,43,43,43,1,1,1
2020-02-02,41,41,41,56,56,56,12,12,12,47,47,47,1,1,1
2020-02-01,58,58,58,70,70,70,13,13,13,56,56,56,3,3,3
2020-01-31,56,56,56,69,69,69,24,24,24,77,77,77,3,3,3
2020-01-30,43,43,43,60,60,60,23,23,23,85,85,85,2,2,2
2020-01-29,30,30,30,37,37,37,21,21,21,61,61,61,2,2,2
2020-01-28,41,41,41,48,48,48,25,25,25,60,60,60,2,2,2
2020-01-27,62,62,62,72,72,72,35,35,35,105,105,105,2,2,2
2020-01-26,67,67,67,82,82,82,33,33,33,130,130,130,1,1,1
2020-01-25,55,55,55,73,73,73,8,8,8,67,67,67,1,1,1
2020-01-24,51,51,51,72,72,72,14,14,14,108,108,108,2,2,2
2020-01-23,41,41,41,58,58,58,23,23,23,99,99,99,6,6,6
2020-01-22,52,52,52,69,69,69,18,18,18,113,113,113,2,2,2
2020-01-21,28,28,28,37,37,37,46,46,46,86,86,86,3,3,3
2020-01-20,18,18,18,20,20,20,52,52,52,96,96,96,1,1,1
2020-01-19,19,19,19,21,21,21,47,47,47,69,69,69,"-","-","-"
2020-01-18,39,39,39,45,45,45,14,14,14,63,63,63,1,1,1
2020-01-17,58,58,58,74,74,74,18,18,18,102,102,102,3,3,3
2020-01-16,63,63,63,78,78,78,23,23,23,94,94,94,2,2,2
2020-01-15,65,65,65,82,82,82,11,11,11,73,73,73,2,2,2
2020-01-14,52,52,52,70,70,70,16,16,16,75,75,75,2,2,2
2020-01-13,41,41,41,56,56,56,34,34,34,110,110,110,3,3,3
2020-01-12,36,36,36,34,34,34,46,46,46,97,97,97,1,1,1
2020-01-11,41,41,41,59,59,59,19,19,19,81,81,81,2,2,2
2020-01-10,75,75,75,93,93,93,9,9,9,101,101,101,4,4,4
2020-01-09,62,62,62,71,71,71,8,8,8,71,71,71,3,3,3
2020-01-08,53,53,53,64,64,64,9,9,9,64,64,64,2,2,2
2020-01-07,49,49,49,60,60,60,11,11,11,50,50,50,1,1,1
2020-01-06,21,21,21,31,31,31,64,64,64,62,62,62,"-","-","-"
2020-01-05,25,25,25,27,27,27,60,60,60,52,52,52,"-","-","-"
2020-01-04,55,55,55,67,67,67,17,17,17,68,68,68,2,2,2
2020-01-03,57,57,57,71,71,71,9,9,9,65,65,65,1,1,1
2020-01-02,48,48,48,58,58,58,15,15,15,76,76,76,2,2,2
2020-01-01,76,76,76,85,85,85,37,37,37,88,88,88,1,1,1
2019-12-31,64,64,64,77,77,77,17,17,17,49,49,49,1,1,1
2019-12-30,48,48,48,59,59,59,18,18,18,42,42,42,1,1,1
2019-12-29,41,41,41,48,48,48,19,19,19,32,32,32,"-","-","-"
2019-12-28,28,28,28,35,35,35,31,31,31,53,53,53,1,1,1
2019-12-27,26,26,26,32,32,32,35,35,35,75,75,75,2,2,2
2019-12-26,25,25,25,29,29,29,31,31,31,72,72,72,"-","-","-"
2019-12-25,30,30,30,35,35,35,37,37,37,63,63,63,2,2,2
2019-12-24,32,32,32,41,41,41,9,9,9,70,70,70,2,2,2
2019-12-23,20,20,20,24,24,24,9,9,9,66,66,66,2,2,2
2019-12-22,14,14,14,15,15,15,36,36,36,49,49,49,"-","-","-"
2019-12-21,12,12,12,15,15,15,37,37,37,43,43,43,"-","-","-"
2019-12-20,32,32,32,58,58,58,50,50,50,17,17,17,3,3,3
2019-12-19,"-","-","-","-","-","-",5,5,5,44,44,44,2,2,2
2019-12-18,50,50,50,74,74,74,6,6,6,53,53,53,3,3,3
2019-12-17,53,53,53,71,71,71,6,6,6,53,53,53,4,4,4
2019-12-16,56,56,56,71,71,71,7,7,7,61,61,61,5,5,5
2019-12-15,37,37,37,37,37,37,22,22,22,50,50,50,"-","-","-"
2019-12-14,28,28,28,34,34,34,27,27,27,81,81,81,2,2,2
2019-12-13,25,25,25,28,28,28,26,26,26,59,59,59,2,2,2
2019-12-12,29,29,29,32,32,32,42,42,42,61,61,61,2,2,2
2019-12-11,22,22,22,32,32,32,56,56,56,87,87,87,3,3,3
2019-12-10,33,33,33,43,43,43,40,40,40,87,87,87,3,3,3
2019-12-09,50,50,50,59,59,59,7,7,7,62,62,62,1,1,1
2019-12-08,48,48,48,54,54,54,25,25,25,55,55,55,1,1,1
2019-12-07,57,57,57,73,73,73,13,13,13,64,64,64,3,3,3
2019-12-06,40,40,40,52,52,52,13,13,13,58,58,58,2,2,2
2019-12-05,32,32,32,43,43,43,41,41,41,72,72,72,5,5,5
2019-12-04,25,25,25,31,31,31,48,48,48,70,70,70,4,4,4
2019-12-03,14,14,14,18,18,18,48,48,48,46,46,46,1,1,1
2019-12-02,25,25,25,29,29,29,22,22,22,50,50,50,1,1,1
2019-12-01,32,32,32,37,37,37,14,14,14,39,39,39,"-","-","-"
2019-11-30,37,37,37,45,45,45,18,18,18,39,39,39,"-","-","-"
2019-11-29,30,30,30,37,37,37,10,10,10,52,52,52,1,1,1
2019-11-28,25,25,25,33,33,33,15,15,15,47,47,47,"-","-","-"
2019-11-27,17,17,17,25,25,25,52,52,52,54,54,54,1,1,1
2019-11-26,26,26,26,38,38,38,11,11,11,48,48,48,"-","-","-"
2019-11-25,16,16,16,20,20,20,43,43,43,61,61,61,"-","-","-"
2019-11-24,3,3,3,8,8,8,84,84,84,50,50,50,"-","-","-"
2019-11-23,4,4,4,7,7,7,82,82,82,11,11,11,"-","-","-"
2019-11-22,8,8,8,13,13,13,77,77,77,47,47,47,"-","-","-"
2019-11-21,27,27,27,35,35,35,20,20,20,48,48,48,"-","-","-"
2019-11-20,22,22,22,28,28,28,24,24,24,51,51,51,"-","-","-"
2019-11-19,10,10,10,11,11,11,74,74,74,62,62,62,3,3,3
2019-11-18,15,15,15,22,22,22,43,43,43,77,77,77,4,4,4
2019-11-17,13,13,13,13,13,13,58,58,58,46,46,46,6,6,6
2019-11-16,23,23,23,30,30,30,60,60,60,56,56,56,6,6,6
2019-11-15,10,10,10,15,15,15,72,72,72,72,72,72,3,3,3
2019-11-14,10,10,10,15,15,15,73,73,73,64,64,64,3,3,3
2019-11-13,23,23,23,29,29,29,28,28,28,55,55,55,5,5,5
2019-11-12,16,16,16,18,18,18,24,24,24,51,51,51,4,4,4
2019-11-11,14,14,14,21,21,21,30,30,30,72,72,72,1,1,1
2019-11-10,16,16,16,20,20,20,55,55,55,53,53,53,"-","-","-"
2019-11-09,19,19,19,21,21,21,45,45,45,60,60,60,12,12,12
2019-11-08,8,8,8,16,16,16,62,62,62,59,59,59,6,6,6
2019-11-07,14,14,14,19,19,19,54,54,54,62,62,62,6,6,6
2019-11-06,12,12,12,16,16,16,25,25,25,62,62,62,9,9,9
2019-11-05,18,18,18,24,24,24,35,35,35,50,50,50,6,6,6
2019-11-04,14,14,14,28,28,28,23,23,23,72,72,72,4,4,4
2019-11-03,6,6,6,10,10,10,56,56,56,27,27,27,7,7,7
2019-11-02,21,21,21,33,33,33,48,48,48,"-","-","-",6,6,6
2019-11-01,23,23,23,33,33,33,50,50,50,26,26,26,6,6,6
2019-10-31,19,19,19,29,29,29,33,33,33,26,26,26,2,2,2
2019-10-30,21,21,21,29,29,29,37,37,37,"-","-","-",1,1,1
2019-10-29,"-","-","-","-","-","-",45,45,45,48,48,48,2,2,2
2019-10-28,"-","-","-","-","-","-",35,35,35,37,37,37,6,6,6
2019-10-27,"-","-","-","-","-","-",63,63,63,39,39,39,4,4,4
2019-10-26,23,23,23,34,34,34,43,43,43,35,35,35,3,3,3
2019-10-25,9,9,9,16,16,16,41,41,41,40,40,40,6,6,6
2019-10-24,"-","-","-",-1015,-1015,-1015,43,43,43,35,35,35,2,2,2
2019-10-23,730,730,730,836,836,836,45,45,45,40,40,40,9,9,9
2019-10-22,"-","-","-",20,20,20,60,60,60,37,37,37,"-","-","-"
2019-10-21,74,74,74,30,30,30,81,81,81,38,38,38,8,8,8
2019-10-20,672,672,672,611,611,611,79,79,79,22,22,22,7,7,7
2019-10-19,10,10,10,17,17,17,69,69,69,34,34,34,5,5,5
2019-10-18,30,30,30,43,43,43,46,46,46,46,46,46,4,4,4
2019-10-17,33,33,33,34,34,34,68,68,68,44,44,44,2,2,2
2019-10-16,"-","-","-","-","-","-",60,60,60,60,60,60,"-","-","-"
2019-10-15,"-","-","-","-","-","-",63,63,63,33,33,33,"-","-","-"
2019-10-14,60,60,60,79,79,79,80,80,80,66,66,66,"-","-","-"
2019-10-13,41,41,41,56,56,56,59,59,59,42,42,42,"-","-","-"
2019-10-12,24,24,24,29,29,29,82,82,82,53,53,53,"-","-","-"
2019-10-11,36,36,36,37,37,37,73,73,73,55,55,55,"-","-","-"
2019-10-10,23,23,23,32,32,32,57,57,57,46,46,46,"-","-","-"
2019-10-09,"-","-","-","-","-","-",40,40,40,47,47,47,1,1,1
2019-10-08,"-","-","-",-4,-4,-4,78,78,78,54,54,54,"-","-","-"
2019-10-07,20,20,20,19,19,19,72,72,72,51,51,51,6,6,6
2019-10-06,7,7,7,17,17,17,92,92,92,18,18,18,6,6,6
2019-10-05,37,37,37,47,47,47,87,87,87,74,74,74,8,8,8
2019-10-04,16,16,16,22,22,22,70,70,70,53,53,53,7,7,7
2019-10-03,22,22,22,26,26,26,82,82,82,52,52,52,"-","-","-"
2019-10-02,13,13,13,20,20,20,85,85,85,55,55,55,"-","-","-"
2019-10-01,28,28,28,51,51,51,105,105,105,63,63,63,"-","-","-"
2019-09-30,19,19,19,36,36,36,108,108,108,77,77,77,"-","-","-"
2019-09-29,19,19,19,24,24,24,"-","-","-","-","-","-","-","-","-"
2019-09-28,28,28,28,47,47,47,"-","-","-","-","-","-","-","-","-"
2019-09-27,39,39,39,54,54,54,100,100,100,57,57,57,12,12,12
2019-09-26,32,32,32,43,43,43,91,91,91,68,68,68,5,5,5
2019-09-25,27,27,27,39,39,39,93,93,93,60,60,60,12,12,12
2019-09-24,3,3,3,7,7,7,86,86,86,63,63,63,12,12,12
2019-09-23,30,30,30,39,39,39,49,49,49,49,49,49,2,2,2
2019-09-22,22,22,22,33,33,33,76,76,76,30,30,30,4,4,4
2019-09-21,25,25,25,40,40,40,102,102,102,41,41,41,3,3,3
2019-09-20,13,13,13,18,18,18,94,94,94,45,45,45,2,2,2
2019-09-19,8,8,8,17,17,17,85,85,85,37,37,37,3,3,3
2019-09-18,30,30,30,46,46,46,114,114,114,70,70,70,3,3,3
2019-09-17,33,33,33,55,55,55,137,137,137,76,76,76,3,3,3
2019-09-16,32,32,32,49,49,49,143,143,143,65,65,65,3,3,3
2019-09-15,21,21,21,33,33,33,124,124,124,46,46,46,3,3,3
2019-09-14,25,25,25,33,33,33,138,138,138,48,48,48,4,4,4
2019-09-13,19,19,19,31,31,31,131,131,131,75,75,75,3,3,3
2019-09-12,16,16,16,30,30,30,132,132,132,62,62,62,2,2,2
2019-09-11,10,10,10,19,19,19,116,116,116,58,58,58,4,4,4
2019-09-10,7,7,7,38,38,38,98,98,98,70,70,70,1,1,1
2019-09-09,"-","-","-",210,210,210,71,71,71,64,64,64,1,1,1
2019-09-08,35,35,35,38,38,38,64,64,64,54,54,54,"-","-","-"
2019-09-07,17,17,17,25,25,25,82,82,82,44,44,44,1,1,1
2019-09-06,7,7,7,15,15,15,67,67,67,52,52,52,2,2,2
2019-09-05,23,23,23,28,28,28,134,134,134,59,59,59,2,2,2
2019-09-04,12,12,12,16,16,16,118,118,118,42,42,42,"-","-","-"
2019-09-03,3,3,3,15,15,15,98,98,98,38,38,38,7,7,7
2019-09-02,9,9,9,13,13,13,108,108,108,40,40,40,7,7,7
2019-09-01,10,10,10,16,16,16,135,135,135,32,32,32,5,5,5
2019-08-31,8,8,8,11,11,11,126,126,126,26,26,26,6,6,6
2019-08-30,18,18,18,23,23,23,141,141,141,45,45,45,5,5,5
2019-08-29,21,21,21,33,33,33,123,123,123,43,43,43,4,4,4
2019-08-28,21,21,21,34,34,34,106,106,106,53,53,53,5,5,5
2019-08-27,19,19,19,29,29,29,135,135,135,34,34,34,5,5,5
2019-08-26,14,14,14,18,18,18,114,114,114,36,36,36,5,5,5
2019-08-25,11,11,11,15,15,15,124,124,124,15,15,15,8,8,8
2019-08-24,16,16,16,18,18,18,106,106,106,17,17,17,5,5,5
2019-08-23,17,17,17,28,28,28,101,101,101,32,32,32,5,5,5
2019-08-22,10,10,10,18,18,18,111,111,111,24,24,24,5,5,5
2019-08-21,15,15,15,23,23,23,118,118,118,36,36,36,5,5,5
2019-08-20,11,11,11,24,24,24,121,121,121,29,29,29,5,5,5
2019-08-19,12,12,12,20,20,20,117,117,117,30,30,30,4,4,4
2019-08-18,15,15,15,24,24,24,122,122,122,21,21,21,4,4,4
2019-08-17,4,4,4,13,13,13,115,115,115,22,22,22,5,5,5
2019-08-16,6,6,6,11,11,11,98,98,98,24,24,24,5,5,5
2019-08-15,7,7,7,13,13,13,100,100,100,21,21,21,5,5,5
2019-08-14,4,4,4,11,11,11,80,80,80,27,27,27,5,5,5
2019-08-13,15,15,15,26,26,26,"-","-","-",26,26,26,5,5,5
2019-08-12,22,22,22,32,32,32,75,75,75,20,20,20,5,5,5
2019-08-11,15,15,15,29,29,29,"-","-","-","-","-","-","-","-","-"
2019-08-10,15,15,15,25,25,25,"-","-","-","-","-","-","-","-","-"
2019-08-09,16,16,16,23,23,23,57,57,57,33,33,33,4,4,4
2019-08-08,16,16,16,23,23,23,93,93,93,31,31,31,4,4,4
2019-08-07,13,13,13,18,18,18,112,112,112,30,30,30,4,4,4
2019-08-06,21,21,21,28,28,28,128,128,128,39,39,39,4,4,4
2019-08-05,11,11,11,23,23,23,129,129,129,40,40,40,4,4,4
2019-08-04,6,6,6,13,13,13,121,121,121,23,23,23,4,4,4
2019-08-03,5,5,5,14,14,14,107,107,107,29,29,29,5,5,5
2019-08-02,17,17,17,34,34,34,568,568,568,37,37,37,4,4,4
2019-08-01,11,11,11,23,23,23,146,146,146,40,40,40,4,4,4
2019-07-31,21,21,21,27,27,27,121,121,121,37,37,37,4,4,4
2019-07-30,14,14,14,19,19,19,113,113,113,46,46,46,4,4,4
2019-07-29,11,11,11,20,20,20,107,107,107,35,35,35,4,4,4
2019-07-28,21,21,21,22,22,22,100,100,100,24,24,24,4,4,4
2019-07-27,23,23,23,24,24,24,102,102,102,29,29,29,4,4,4
2019-07-26,25,25,25,26,26,26,130,130,130,37,37,37,4,4,4
2019-07-25,43,43,43,50,50,50,166,166,166,46,46,46,3,3,3
2019-07-24,26,26,26,38,38,38,94,94,94,50,50,50,3,3,3
2019-07-23,27,27,27,40,40,40,139,139,139,41,41,41,2,2,2
2019-07-22,27,27,27,35,35,35,148,148,148,53,53,53,2,2,2
2019-07-21,18,18,18,29,29,29,140,140,140,58,58,58,5,5,5
2019-07-20,19,19,19,36,36,36,154,154,154,29,29,29,3,3,3
2019-07-19,13,13,13,21,21,21,160,160,160,40,40,40,2,2,2
2019-07-18,15,15,15,22,22,22,137,137,137,66,66,66,4,4,4
2019-07-17,12,12,12,19,19,19,152,152,152,50,50,50,4,4,4
2019-07-16,8,8,8,14,14,14,122,122,122,45,45,45,4,4,4
2019-07-15,10,10,10,13,13,13,87,87,87,32,32,32,3,3,3
2019-07-14,"-","-","-",5,5,5,118,118,118,23,23,23,2,2,2
2019-07-13,14,14,14,22,22,22,130,130,130,41,41,41,2,2,2
2019-07-12,22,22,22,28,28,28,143,143,143,32,32,32,2,2,2
2019-07-11,11,11,11,21,21,21,123,123,123,32,32,32,7,7,7
2019-07-10,11,11,11,16,16,16,107,107,107,37,37,37,7,7,7
2019-07-09,13,13,13,17,17,17,94,94,94,49,49,49,7,7,7
2019-07-08,8,8,8,19,19,19,129,129,129,36,36,36,7,7,7
2019-07-07,17,17,17,36,36,36,101,101,101,29,29,29,7,7,7
2019-07-06,28,28,28,27,27,27,143,143,143,58,58,58,7,7,7
2019-07-05,16,16,16,22,22,22,189,189,189,60,60,60,8,8,8
2019-07-04,12,12,12,19,19,19,137,137,137,30,30,30,6,6,6
2019-07-03,19,19,19,28,28,28,131,131,131,62,62,62,5,5,5
2019-07-02,28,28,28,38,38,38,163,163,163,50,50,50,6,6,6
2019-07-01,24,24,24,38,38,38,168,168,168,52,52,52,6,6,6
2019-06-30,15,15,15,25,25,25,176,176,176,37,37,37,9,9,9
2019-06-29,5,5,5,17,17,17,130,130,130,29,29,29,5,5,5
2019-06-17,10,10,10,18,18,18,127,127,127,61,61,61,4,4,4
2019-06-16,9,9,9,23,23,23,139,139,139,38,38,38,4,4,4
2019-06-15,20,20,20,41,41,41,127,127,127,35,35,35,5,5,5
2019-06-14,13,13,13,23,23,23,131,131,131,48,48,48,4,4,4
2019-06-13,14,14,14,16,16,16,120,120,120,40,40,40,6,6,6
2019-06-12,23,23,23,42,42,42,92,92,92,35,35,35,3,3,3
2019-06-11,34,34,34,54,54,54,113,113,113,42,42,42,5,5,5
2019-06-10,28,28,28,40,40,40,97,97,97,46,46,46,5,5,5
2019-06-09,24,24,24,33,33,33,111,111,111,49,49,49,3,3,3
2019-06-08,18,18,18,31,31,31,122,122,122,39,39,39,3,3,3
2019-06-07,18,18,18,43,43,43,116,116,116,41,41,41,3,3,3
2019-06-06,27,27,27,46,46,46,101,101,101,31,31,31,3,3,3
2019-06-05,30,30,30,49,49,49,133,133,133,50,50,50,6,6,6
2019-06-04,28,28,28,41,41,41,149,149,149,81,81,81,4,4,4
2019-06-03,21,21,21,31,31,31,149,149,149,44,44,44,4,4,4
2019-06-02,16,16,16,18,18,18,144,144,144,40,40,40,2,2,2
2019-06-01,17,17,17,21,21,21,130,130,130,42,42,42,2,2,2
2019-05-31,8,8,8,11,11,11,109,109,109,50,50,50,3,3,3
2019-05-30,11,11,11,23,23,23,88,88,88,32,32,32,3,3,3
2019-05-29,14,14,14,10,10,10,61,61,61,49,49,49,3,3,3
2019-05-28,22,22,22,31,31,31,79,79,79,62,62,62,"-","-","-"
2019-05-27,88,88,88,123,123,123,78,78,78,40,40,40,"-","-","-"
2019-05-26,31,31,31,44,44,44,"-","-","-","-","-","-","-","-","-"
2019-05-25,23,23,23,32,32,32,"-","-","-","-","-","-","-","-","-"
2019-05-24,"-","-","-","-","-","-",105,105,105,67,67,67,4,4,4
2019-05-23,11,11,11,19,19,19,116,116,116,50,50,50,3,3,3
2019-05-22,12,12,12,20,20,20,100,100,100,47,47,47,3,3,3
2019-05-21,15,15,15,19,19,19,85,85,85,45,45,45,3,3,3
2019-05-20,27,27,27,28,28,28,59,59,59,42,42,42,3,3,3
2019-05-19,14,14,14,20,20,20,49,49,49,26,26,26,3,3,3
2019-05-18,22,22,22,19,19,19,74,74,74,29,29,29,3,3,3
2019-05-17,8,8,8,14,14,14,90,90,90,43,43,43,4,4,4
2019-05-16,22,22,22,28,28,28,86,86,86,48,48,48,4,4,4
2019-05-15,10,10,10,14,14,14,74,74,74,46,46,46,3,3,3
2019-05-14,17,17,17,27,27,27,82,82,82,41,41,41,3,3,3
2019-05-13,12,12,12,17,17,17,39,39,39,55,55,55,3,3,3
2019-05-12,16,16,16,12,12,12,79,79,79,37,37,37,2,2,2
2019-05-11,15,15,15,22,22,22,87,87,87,30,30,30,4,4,4
2019-05-10,12,12,12,18,18,18,107,107,107,56,56,56,4,4,4
2019-05-09,19,19,19,18,18,18,91,91,91,67,67,67,4,4,4
2019-05-08,19,19,19,25,25,25,76,76,76,44,44,44,3,3,3
2019-05-07,16,16,16,20,20,20,102,102,102,45,45,45,3,3,3
2019-05-06,12,12,12,12,12,12,86,86,86,38,38,38,2,2,2
2019-05-05,6,6,6,13,13,13,85,85,85,23,23,23,3,3,3
2019-05-04,6,6,6,16,16,16,91,91,91,40,40,40,3,3,3
2019-05-03,12,12,12,16,16,16,76,76,76,52,52,52,3,3,3
2019-05-02,12,12,12,21,21,21,109,109,109,54,54,54,4,4,4
2019-05-01,15,15,15,19,19,19,119,119,119,38,38,38,3,3,3
2019-04-30,18,18,18,20,20,20,93,93,93,42,42,42,3,3,3
2019-04-29,13,13,13,15,15,15,76,76,76,51,51,51,2,2,2
2019-04-28,16,16,16,17,17,17,83,83,83,30,30,30,3,3,3
2019-04-27,6,6,6,11,11,11,90,90,90,44,44,44,3,3,3
2019-04-26,12,12,12,32,32,32,84,84,84,48,48,48,3,3,3
2019-04-25,18,18,18,23,23,23,76,76,76,29,29,29,2,2,2
2019-04-24,16,16,16,28,28,28,82,82,82,53,53,53,3,3,3
2019-04-23,9,9,9,7,7,7,99,99,99,21,21,21,3,3,3
2019-04-22,14,14,14,22,22,22,114,114,114,22,22,22,3,3,3
2019-04-21,16,16,16,18,18,18,128,128,128,23,23,23,2,2,2
2019-04-20,22,22,22,24,24,24,122,122,122,36,36,36,4,4,4
2019-04-19,19,19,19,24,24,24,114,114,114,64,64,64,1,1,1
2019-04-18,24,24,24,29,29,29,128,128,128,77,77,77,3,3,3
2019-04-17,25,25,25,32,32,32,111,111,111,62,62,62,1,1,1
2019-04-16,23,23,23,30,30,30,112,112,112,71,71,71,3,3,3
2019-04-15,15,15,15,16,16,16,82,82,82,52,52,52,1,1,1
2019-04-14,22,22,22,26,26,26,61,61,61,48,48,48,1,1,1
2019-04-13,27,27,27,35,35,35,66,66,66,37,37,37,1,1,1
2019-04-12,16,16,16,22,22,22,70,70,70,60,60,60,2,2,2
2019-04-11,16,16,16,33,33,33,57,57,57,54,54,54,2,2,2
2019-04-10,18,18,18,29,29,29,58,58,58,53,53,53,3,3,3
2019-04-09,22,22,22,27,27,27,69,69,69,57,57,57,2,2,2
2019-04-08,31,31,31,40,40,40,65,65,65,67,67,67,2,2,2
2019-04-07,23,23,23,30,30,30,86,86,86,67,67,67,1,1,1
2019-04-06,25,25,25,31,31,31,68,68,68,40,40,40,1,1,1
2019-04-05,17,17,17,20,20,20,58,58,58,56,56,56,2,2,2
2019-04-04,6,6,6,9,9,9,87,87,87,56,56,56,2,2,2
2019-04-03,22,22,22,31,31,31,95,95,95,51,51,51,2,2,2
2019-04-02,28,28,28,43,43,43,111,111,111,104,104,104,4,4,4
2019-04-01,29,29,29,42,42,42,113,113,113,107,107,107,12,12,12
2019-03-31,33,33,33,42,42,42,139,139,139,91,91,91,17,17,17
2019-03-30,35,35,35,45,45,45,113,113,113,112,112,112,9,9,9
2019-03-29,32,32,32,37,37,37,102,102,102,94,94,94,6,6,6
2019-03-28,24,24,24,31,31,31,86,86,86,22,22,22,2,2,2
2019-03-27,14,14,14,19,19,19,"-","-","-","-","-","-","-","-","-"
2019-03-26,14,14,14,19,19,19,"-","-","-","-","-","-","-","-","-"
2019-03-25,28,28,28,37,37,37,"-","-","-","-","-","-","-","-","-"
2019-03-24,33,33,33,37,37,37,"-","-","-","-","-","-","-","-","-"
2019-03-23,31,31,31,41,41,41,63,63,63,71,71,71,10,10,10
2019-03-22,36,36,36,47,47,47,97,97,97,107,107,107,7,7,7
2019-03-21,29,29,29,39,39,39,86,86,86,99,99,99,7,7,7
2019-03-20,17,17,17,23,23,23,64,64,64,58,58,58,5,5,5
2019-03-19,13,13,13,15,15,15,91,91,91,53,53,53,6,6,6
2019-03-18,14,14,14,18,18,18,85,85,85,23,23,23,6,6,6
2019-03-17,41,41,41,52,52,52,"-","-","-","-","-","-","-","-","-"
2019-03-16,46,46,46,57,57,57,"-","-","-","-","-","-","-","-","-"
2019-03-15,26,26,26,31,31,31,72,72,72,48,48,48,9,9,9
2019-03-14,24,24,24,39,39,39,65,65,65,79,79,79,8,8,8
2019-03-13,31,31,31,42,42,42,56,56,56,80,80,80,7,7,7
2019-03-12,17,17,17,19,19,19,90,90,90,114,114,114,5,5,5
2019-03-11,26,26,26,33,33,33,91,91,91,55,55,55,5,5,5
2019-03-10,24,24,24,37,37,37,78,78,78,44,44,44,6,6,6
2019-03-09,22,22,22,34,34,34,86,86,86,85,85,85,6,6,6
2019-03-08,24,24,24,34,34,34,84,84,84,95,95,95,6,6,6
2019-03-07,32,32,32,45,45,45,75,75,75,78,78,78,6,6,6
2019-03-06,33,33,33,47,47,47,70,70,70,74,74,74,6,6,6
2019-03-05,29,29,29,35,35,35,66,66,66,95,95,95,8,8,8
2019-03-04,46,46,46,62,62,62,24,24,24,96,96,96,6,6,6
2019-03-03,43,43,43,53,53,53,97,97,97,97,97,97,13,13,13
2019-03-02,52,52,52,69,69,69,70,70,70,103,103,103,7,7,7
2019-03-01,65,65,65,89,89,89,82,82,82,108,108,108,9,9,9
2019-02-28,53,53,53,73,73,73,64,64,64,104,104,104,9,9,9
2019-02-27,40,40,40,59,59,59,57,57,57,124,124,124,16,16,16
2019-02-26,52,52,52,74,74,74,36,36,36,136,136,136,9,9,9
2019-02-25,49,49,49,68,68,68,54,54,54,119,119,119,5,5,5
2019-02-24,28,28,28,38,38,38,82,82,82,50,50,50,4,4,4
2019-02-23,29,29,29,39,39,39,85,85,85,69,69,69,3,3,3
2019-02-22,72,72,72,101,101,101,47,47,47,120,120,120,7,7,7
2019-02-21,83,83,83,103,103,103,45,45,45,112,112,112,5,5,5
2019-02-20,82,82,82,92,92,92,45,45,45,86,86,86,4,4,4
2019-02-19,45,45,45,58,58,58,78,78,78,122,122,122,5,5,5
2019-02-18,45,45,45,58,58,58,70,70,70,113,113,113,9,9,9
2019-02-17,64,64,64,76,76,76,66,66,66,112,112,112,9,9,9
2019-02-16,62,62,62,78,78,78,45,45,45,112,112,112,6,6,6
2019-02-15,46,46,46,62,62,62,31,31,31,105,105,105,6,6,6
2019-02-14,41,41,41,54,54,54,28,28,28,115,115,115,5,5,5
2019-02-13,20,20,20,28,28,28,69,69,69,78,78,78,4,4,4
2019-02-12,20,20,20,27,27,27,64,64,64,118,118,118,4,4,4
2019-02-11,19,19,19,21,21,21,64,64,64,68,68,68,6,6,6
2019-02-10,62,62,62,77,77,77,10,10,10,"-","-","-",6,6,6
2019-02-09,45,45,45,60,60,60,47,47,47,"-","-","-",7,7,7
2019-02-08,46,46,46,57,57,57,26,26,26,57,57,57,9,9,9
2019-02-07,51,51,51,69,69,69,19,19,19,76,76,76,6,6,6
2019-02-06,39,39,39,52,52,52,19,19,19,99,99,99,6,6,6
2019-02-05,29,29,29,39,39,39,5,5,5,85,85,85,4,4,4
2019-02-04,29,29,29,35,35,35,2,2,2,86,86,86,7,7,7
2019-02-03,37,37,37,38,38,38,5,5,5,49,49,49,6,6,6
2019-02-02,33,33,33,38,38,38,1,1,1,66,66,66,7,7,7
2019-02-01,43,43,43,49,49,49,2,2,2,64,64,64,7,7,7
2019-01-31,47,47,47,51,51,51,8,8,8,"-","-","-",6,6,6
2019-01-30,21,21,21,27,27,27,50,50,50,26,26,26,9,9,9
2019-01-29,28,28,28,34,34,34,28,28,28,29,29,29,6,6,6
2019-01-28,51,51,51,57,57,57,14,14,14,37,37,37,7,7,7
2019-01-27,58,58,58,66,66,66,4,4,4,26,26,26,6,6,6
2019-01-26,59,59,59,67,67,67,23,23,23,36,36,36,14,14,14
2019-01-25,37,37,37,44,44,44,33,33,33,38,38,38,8,8,8
2019-01-24,50,50,50,57,57,57,26,26,26,35,35,35,8,8,8
2019-01-23,37,37,37,43,43,43,31,31,31,24,24,24,5,5,5
2019-01-22,38,38,38,47,47,47,34,34,34,38,38,38,7,7,7
2019-01-21,47,47,47,57,57,57,10,10,10,80,80,80,5,5,5
2019-01-20,42,42,42,49,49,49,31,31,31,72,72,72,5,5,5
2019-01-19,20,20,20,26,26,26,30,30,30,69,69,69,3,3,3
2019-01-18,42,42,42,51,51,51,25,25,25,63,63,63,5,5,5
2019-01-17,59,59,59,63,63,63,13,13,13,70,70,70,4,4,4
2019-01-16,36,36,36,50,50,50,9,9,9,147,147,147,9,9,9
2019-01-15,24,24,24,30,30,30,49,49,49,109,109,109,6,6,6
2019-01-14,31,31,31,36,36,36,41,41,41,65,65,65,7,7,7
2019-01-13,59,59,59,64,64,64,15,15,15,79,79,79,11,11,11
2019-01-12,47,47,47,60,60,60,5,5,5,88,88,88,8,8,8
2019-01-11,35,35,35,46,46,46,15,15,15,104,104,104,6,6,6
2019-01-10,25,25,25,32,32,32,22,22,22,93,93,93,6,6,6
2019-01-09,38,38,38,49,49,49,42,42,42,70,70,70,6,6,6
2019-01-08,63,63,63,72,72,72,2,2,2,82,82,82,5,5,5
2019-01-07,55,55,55,71,71,71,34,34,34,115,115,115,5,5,5
2019-01-06,34,34,34,42,42,42,"-","-","-","-","-","-","-","-","-"
2019-01-05,48,48,48,59,59,59,"-","-","-","-","-","-","-","-","-"
2019-01-04,"-","-","-","-","-","-",21,21,21,71,71,71,7,7,7
2019-01-03,18,18,18,24,24,24,27,27,27,92,92,92,4,4,4
2019-01-02,31,31,31,38,38,38,4,4,4,42,42,42,2,2,2
2019-01-01,62,62,62,71,71,71,8,8,8,62,62,62,2,2,2
