#Data for Monza Machiavelli, Lombardia from 2019/01/01 to 2020/04/03. [generated on 2020-04-03 05:44]
#Station is located at latitude 45.574117, longitude 9.263808
#Values are unconverted and expressed in milligrams per cubic meter.
#Values are based on daily average
#Attribution: Agenzia Regionale per la Protezione dell'Ambiente della Lombardia)  https://ita.arpalombardia.it/ITA/
date,pm25,pm25_min,pm25_max,pm10,pm10_min,pm10_max,o3,o3_min,o3_max,no2,no2_min,no2_max,so2,so2_min,so2_max,co,co_min,co_max
2020-04-01,18,18,18,21,21,21,94,94,94,62,62,62,8,8,8,0.9,0.9,0.9
2020-03-31,10,10,10,14,14,14,81,81,81,51,51,51,4,4,4,0.8,0.8,0.8
2020-03-30,15,15,15,27,27,27,97,97,97,46,46,46,4,4,4,0.8,0.8,0.8
2020-03-29,23,23,23,81,81,81,114,114,114,45,45,45,4,4,4,1,1,1
2020-03-28,27,27,27,88,88,88,106,106,106,71,71,71,5,5,5,0.9,0.9,0.9
2020-03-27,22,22,22,36,36,36,87,87,87,59,59,59,5,5,5,0.9,0.9,0.9
2020-03-26,18,18,18,21,21,21,74,74,74,51,51,51,6,6,6,0.9,0.9,0.9
2020-03-25,16,16,16,21,21,21,91,91,91,60,60,60,6,6,6,0.9,0.9,0.9
2020-03-24,16,16,16,24,24,24,94,94,94,60,60,60,5,5,5,1,1,1
2020-03-23,10,10,10,18,18,18,82,82,82,45,45,45,5,5,5,0.8,0.8,0.8
2020-03-22,21,21,21,27,27,27,85,85,85,30,30,30,4,4,4,0.9,0.9,0.9
2020-03-21,21,21,21,28,28,28,123,123,123,51,51,51,4,4,4,0.9,0.9,0.9
2020-03-20,35,35,35,48,48,48,110,110,110,77,77,77,5,5,5,1,1,1
2020-03-19,30,30,30,41,41,41,117,117,117,77,77,77,6,6,6,1,1,1
2020-03-18,38,38,38,47,47,47,113,113,113,80,80,80,5,5,5,1.1,1.1,1.1
2020-03-17,34,34,34,40,40,40,93,93,93,78,78,78,8,8,8,1.1,1.1,1.1
2020-03-16,21,21,21,23,23,23,88,88,88,71,71,71,5,5,5,1,1,1
2020-03-15,28,28,28,22,22,22,83,83,83,53,53,53,4,4,4,1.2,1.2,1.2
2020-03-14,22,22,22,28,28,28,74,74,74,55,55,55,4,4,4,0.9,0.9,0.9
2020-03-13,"-","-","-","-","-","-",86,86,86,76,76,76,4,4,4,0.8,0.8,0.8
2020-03-12,"-","-","-","-","-","-",52,52,52,71,71,71,4,4,4,1,1,1
2020-03-11,22,22,22,27,27,27,87,87,87,87,87,87,8,8,8,1.2,1.2,1.2
2020-03-10,30,30,30,34,34,34,74,74,74,100,100,100,7,7,7,1.1,1.1,1.1
2020-03-09,28,28,28,30,30,30,84,84,84,83,83,83,5,5,5,1.2,1.2,1.2
2020-03-08,18,18,18,14,14,14,97,97,97,89,89,89,6,6,6,1.1,1.1,1.1
2020-03-07,26,26,26,31,31,31,103,103,103,83,83,83,14,14,14,1.6,1.6,1.6
2020-03-06,28,28,28,29,29,29,70,70,70,95,95,95,5,5,5,1.1,1.1,1.1
2020-03-05,19,19,19,24,24,24,62,62,62,80,80,80,7,7,7,1.1,1.1,1.1
2020-03-04,22,22,22,26,26,26,82,82,82,97,97,97,7,7,7,1.3,1.3,1.3
2020-03-03,21,21,21,21,21,21,47,47,47,86,86,86,7,7,7,1.2,1.2,1.2
2020-03-02,15,15,15,29,29,29,62,62,62,85,85,85,5,5,5,1.1,1.1,1.1
2020-03-01,29,29,29,32,32,32,59,59,59,76,76,76,5,5,5,1,1,1
2020-02-29,25,25,25,30,30,30,64,64,64,91,91,91,22,22,22,1.2,1.2,1.2
2020-02-28,14,14,14,14,14,14,100,100,100,112,112,112,6,6,6,1.2,1.2,1.2
2020-02-27,7,7,7,7,7,7,77,77,77,104,104,104,6,6,6,1,1,1
2020-02-26,33,33,33,36,36,36,91,91,91,86,86,86,4,4,4,1.3,1.3,1.3
2020-02-25,40,40,40,62,62,62,58,58,58,104,104,104,5,5,5,1.1,1.1,1.1
2020-02-24,45,45,45,60,60,60,74,74,74,88,88,88,7,7,7,1,1,1
2020-02-23,42,42,42,56,56,56,91,91,91,108,108,108,6,6,6,1.9,1.9,1.9
2020-02-22,39,39,39,56,56,56,68,68,68,112,112,112,6,6,6,1.5,1.5,1.5
2020-02-21,37,37,37,46,46,46,51,51,51,111,111,111,10,10,10,1.6,1.6,1.6
2020-02-20,20,20,20,26,26,26,54,54,54,117,117,117,11,11,11,1.5,1.5,1.5
2020-02-19,40,40,40,55,55,55,82,82,82,100,100,100,8,8,8,1.3,1.3,1.3
2020-02-18,42,42,42,63,63,63,46,46,46,96,96,96,7,7,7,1.2,1.2,1.2
2020-02-17,42,42,42,78,78,78,15,15,15,93,93,93,6,6,6,1.3,1.3,1.3
2020-02-16,57,57,57,68,68,68,70,70,70,97,97,97,6,6,6,1.5,1.5,1.5
2020-02-15,44,44,44,56,56,56,58,58,58,96,96,96,12,12,12,1.3,1.3,1.3
2020-02-14,33,33,33,31,31,31,60,60,60,113,113,113,8,8,8,1.2,1.2,1.2
2020-02-13,30,30,30,39,39,39,59,59,59,121,121,121,10,10,10,1.3,1.3,1.3
2020-02-12,5,5,5,7,7,7,95,95,95,120,120,120,7,7,7,1.1,1.1,1.1
2020-02-11,23,23,23,24,24,24,86,86,86,96,96,96,8,8,8,1.4,1.4,1.4
2020-02-10,37,37,37,66,66,66,52,52,52,103,103,103,8,8,8,1.4,1.4,1.4
2020-02-09,60,60,60,83,83,83,20,20,20,105,105,105,9,9,9,1.6,1.6,1.6
2020-02-08,45,45,45,59,59,59,36,36,36,101,101,101,9,9,9,1.6,1.6,1.6
2020-02-07,35,35,35,47,47,47,66,66,66,118,118,118,13,13,13,1.9,1.9,1.9
2020-02-06,20,20,20,25,25,25,56,56,56,116,116,116,10,10,10,1.8,1.8,1.8
2020-02-05,8,8,8,8,8,8,93,93,93,68,68,68,6,6,6,0.8,0.8,0.8
2020-02-04,27,27,27,41,41,41,95,95,95,67,67,67,5,5,5,1,1,1
2020-02-03,38,38,38,60,60,60,23,23,23,104,104,104,8,8,8,1.8,1.8,1.8
2020-02-02,44,44,44,48,48,48,14,14,14,78,78,78,6,6,6,1.4,1.4,1.4
2020-02-01,62,62,62,83,83,83,8,8,8,86,86,86,10,10,10,1.3,1.3,1.3
2020-01-31,53,53,53,70,70,70,35,35,35,101,101,101,8,8,8,1.8,1.8,1.8
2020-01-30,36,36,36,45,45,45,37,37,37,96,96,96,18,18,18,1.4,1.4,1.4
2020-01-29,20,20,20,25,25,25,73,73,73,101,101,101,7,7,7,1.1,1.1,1.1
2020-01-28,48,48,48,58,58,58,18,18,18,88,88,88,7,7,7,1.5,1.5,1.5
2020-01-27,74,74,74,101,101,101,14,14,14,134,134,134,10,10,10,2,2,2
2020-01-26,69,69,69,89,89,89,43,43,43,98,98,98,9,9,9,1.8,1.8,1.8
2020-01-25,64,64,64,86,86,86,13,13,13,99,99,99,9,9,9,1.5,1.5,1.5
2020-01-24,64,64,64,81,81,81,14,14,14,119,119,119,15,15,15,2,2,2
2020-01-23,46,46,46,60,60,60,41,41,41,115,115,115,11,11,11,1.8,1.8,1.8
2020-01-22,53,53,53,68,68,68,26,26,26,110,110,110,12,12,12,2,2,2
2020-01-21,40,40,40,48,48,48,26,26,26,97,97,97,8,8,8,1.7,1.7,1.7
2020-01-20,23,23,23,26,26,26,58,58,58,228,228,228,10,10,10,1.6,1.6,1.6
2020-01-19,32,32,32,29,29,29,31,31,31,80,80,80,6,6,6,1.3,1.3,1.3
2020-01-18,41,41,41,46,46,46,54,54,54,91,91,91,7,7,7,1.8,1.8,1.8
2020-01-17,67,67,67,82,82,82,13,13,13,121,121,121,9,9,9,2,2,2
2020-01-16,74,74,74,103,103,103,9,9,9,102,102,102,15,15,15,1.9,1.9,1.9
2020-01-15,58,58,58,97,97,97,6,6,6,88,88,88,10,10,10,1.6,1.6,1.6
2020-01-14,64,64,64,83,83,83,7,7,7,106,106,106,8,8,8,2.2,2.2,2.2
2020-01-13,56,56,56,69,69,69,24,24,24,105,105,105,8,8,8,2.1,2.1,2.1
2020-01-12,46,46,46,53,53,53,28,28,28,90,90,90,7,7,7,2.2,2.2,2.2
2020-01-11,67,67,67,81,81,81,12,12,12,112,112,112,8,8,8,2.3,2.3,2.3
2020-01-10,55,55,55,65,65,65,5,5,5,103,103,103,9,9,9,2.3,2.3,2.3
2020-01-09,62,62,62,80,80,80,20,20,20,123,123,123,9,9,9,2.2,2.2,2.2
2020-01-08,47,47,47,67,67,67,7,7,7,102,102,102,9,9,9,1.9,1.9,1.9
2020-01-07,52,52,52,72,72,72,7,7,7,98,98,98,10,10,10,2.2,2.2,2.2
2020-01-06,41,41,41,49,49,49,49,49,49,78,78,78,8,8,8,1.7,1.7,1.7
2020-01-05,34,34,34,39,39,39,42,42,42,93,93,93,6,6,6,1.4,1.4,1.4
2020-01-04,43,43,43,48,48,48,11,11,11,93,93,93,6,6,6,2.1,2.1,2.1
2020-01-03,65,65,65,77,77,77,6,6,6,111,111,111,8,8,8,2.2,2.2,2.2
2020-01-02,52,52,52,59,59,59,18,18,18,93,93,93,8,8,8,1.9,1.9,1.9
2020-01-01,83,83,83,95,95,95,45,45,45,81,81,81,7,7,7,2.1,2.1,2.1
2019-12-31,57,57,57,74,74,74,18,18,18,83,83,83,6,6,6,1.7,1.7,1.7
2019-12-30,46,46,46,56,56,56,27,27,27,70,70,70,4,4,4,1.2,1.2,1.2
2019-12-29,51,51,51,62,62,62,11,11,11,71,71,71,5,5,5,1.7,1.7,1.7
2019-12-28,45,45,45,54,54,54,8,8,8,94,94,94,7,7,7,1.7,1.7,1.7
2019-12-27,42,42,42,37,37,37,24,24,24,96,96,96,6,6,6,1.9,1.9,1.9
2019-12-26,33,33,33,33,33,33,28,28,28,83,83,83,6,6,6,1.7,1.7,1.7
2019-12-25,16,16,16,19,19,19,67,67,67,96,96,96,6,6,6,1.4,1.4,1.4
2019-12-24,17,17,17,19,19,19,74,74,74,87,87,87,5,5,5,1.4,1.4,1.4
2019-12-23,3,3,3,4,4,4,76,76,76,87,87,87,4,4,4,1,1,1
2019-12-22,9,9,9,10,10,10,60,60,60,76,76,76,3,3,3,1.2,1.2,1.2
2019-12-21,14,14,14,15,15,15,30,30,30,72,72,72,3,3,3,1.2,1.2,1.2
2019-12-20,15,15,15,28,28,28,56,56,56,67,67,67,4,4,4,1.4,1.4,1.4
2019-12-19,29,29,29,29,29,29,4,4,4,70,70,70,4,4,4,2.1,2.1,2.1
2019-12-18,32,32,32,47,47,47,5,5,5,89,89,89,6,6,6,2.1,2.1,2.1
2019-12-17,39,39,39,43,43,43,5,5,5,78,78,78,6,6,6,1.6,1.6,1.6
2019-12-16,46,46,46,38,38,38,4,4,4,85,85,85,5,5,5,1.5,1.5,1.5
2019-12-15,30,30,30,33,33,33,20,20,20,85,85,85,5,5,5,1.5,1.5,1.5
2019-12-14,29,29,29,32,32,32,16,16,16,106,106,106,6,6,6,1.6,1.6,1.6
2019-12-13,26,26,26,26,26,26,17,17,17,88,88,88,6,6,6,1.3,1.3,1.3
2019-12-12,30,30,30,34,34,34,17,17,17,93,93,93,5,5,5,1.2,1.2,1.2
2019-12-11,27,27,27,23,23,23,29,29,29,103,103,103,7,7,7,1.8,1.8,1.8
2019-12-10,21,21,21,23,23,23,82,82,82,108,108,108,6,6,6,2.1,2.1,2.1
2019-12-09,60,60,60,78,78,78,10,10,10,103,103,103,7,7,7,2.1,2.1,2.1
2019-12-08,53,53,53,63,63,63,12,12,12,85,85,85,5,5,5,1.5,1.5,1.5
2019-12-07,49,49,49,58,58,58,34,34,34,92,92,92,6,6,6,1.5,1.5,1.5
2019-12-06,48,48,48,58,58,58,6,6,6,120,120,120,12,12,12,2,2,2
2019-12-05,38,38,38,47,47,47,29,29,29,98,98,98,6,6,6,2,2,2
2019-12-04,20,20,20,23,23,23,44,44,44,105,105,105,8,8,8,1.7,1.7,1.7
2019-12-03,18,18,18,24,24,24,32,32,32,84,84,84,4,4,4,1.6,1.6,1.6
2019-12-02,21,21,21,22,22,22,22,22,22,82,82,82,4,4,4,1.6,1.6,1.6
2019-12-01,30,30,30,29,29,29,21,21,21,73,73,73,3,3,3,1.1,1.1,1.1
2019-11-30,31,31,31,36,36,36,13,13,13,76,76,76,4,4,4,1.5,1.5,1.5
2019-11-29,32,32,32,38,38,38,14,14,14,86,86,86,7,7,7,1.5,1.5,1.5
2019-11-28,30,30,30,31,31,31,6,6,6,82,82,82,3,3,3,1.3,1.3,1.3
2019-11-27,20,20,20,24,24,24,10,10,10,86,86,86,4,4,4,1.4,1.4,1.4
2019-11-26,24,24,24,33,33,33,13,13,13,83,83,83,6,6,6,1.5,1.5,1.5
2019-11-25,15,15,15,18,18,18,39,39,39,77,77,77,5,5,5,1.2,1.2,1.2
2019-11-24,12,12,12,12,12,12,78,78,78,67,67,67,4,4,4,1.1,1.1,1.1
2019-11-23,12,12,12,7,7,7,75,75,75,43,43,43,4,4,4,0.9,0.9,0.9
2019-11-22,21,21,21,25,25,25,33,33,33,67,67,67,5,5,5,1,1,1
2019-11-21,32,32,32,29,29,29,21,21,21,64,64,64,5,5,5,1.1,1.1,1.1
2019-11-20,17,17,17,20,20,20,29,29,29,74,74,74,4,4,4,1.1,1.1,1.1
2019-11-19,12,12,12,14,14,14,56,56,56,85,85,85,4,4,4,1.4,1.4,1.4
2019-11-18,18,18,18,25,25,25,18,18,18,84,84,84,5,5,5,1.4,1.4,1.4
2019-11-17,12,12,12,13,13,13,45,45,45,69,69,69,4,4,4,1.1,1.1,1.1
2019-11-16,23,23,23,27,27,27,38,38,38,74,74,74,6,6,6,1.3,1.3,1.3
2019-11-15,16,16,16,18,18,18,68,68,68,80,80,80,6,6,6,1.2,1.2,1.2
2019-11-14,18,18,18,23,23,23,58,58,58,91,91,91,6,6,6,1.3,1.3,1.3
2019-11-13,21,21,21,23,23,23,71,71,71,92,92,92,5,5,5,1.3,1.3,1.3
2019-11-12,10,10,10,14,14,14,39,39,39,73,73,73,4,4,4,1.2,1.2,1.2
2019-11-11,19,19,19,22,22,22,18,18,18,77,77,77,5,5,5,1.4,1.4,1.4
2019-11-10,27,27,27,26,26,26,48,48,48,69,69,69,4,4,4,1.3,1.3,1.3
2019-11-09,16,16,16,20,20,20,44,44,44,61,61,61,4,4,4,1.2,1.2,1.2
2019-11-08,5,5,5,5,5,5,61,61,61,74,74,74,7,7,7,1.1,1.1,1.1
2019-11-07,17,17,17,20,20,20,35,35,35,70,70,70,4,4,4,1.8,1.8,1.8
2019-11-06,15,15,15,18,18,18,12,12,12,89,89,89,5,5,5,1.6,1.6,1.6
2019-11-05,18,18,18,20,20,20,32,32,32,68,68,68,6,6,6,1.3,1.3,1.3
2019-11-04,13,13,13,19,19,19,13,13,13,70,70,70,4,4,4,1.4,1.4,1.4
2019-11-03,6,6,6,8,8,8,32,32,32,47,47,47,3,3,3,1,1,1
2019-11-02,27,27,27,29,29,29,21,21,21,51,51,51,3,3,3,1,1,1
2019-11-01,10,10,10,11,11,11,39,39,39,56,56,56,4,4,4,0.9,0.9,0.9
2019-10-31,14,14,14,19,19,19,31,31,31,56,56,56,6,6,6,0.9,0.9,0.9
2019-10-30,19,19,19,26,26,26,34,34,34,48,48,48,4,4,4,1,1,1
2019-10-29,28,28,28,42,42,42,44,44,44,69,69,69,5,5,5,1.2,1.2,1.2
2019-10-28,38,38,38,47,47,47,52,52,52,81,81,81,3,3,3,1.4,1.4,1.4
2019-10-27,20,20,20,26,26,26,44,44,44,73,73,73,5,5,5,1.4,1.4,1.4
2019-10-26,19,19,19,25,25,25,43,43,43,78,78,78,4,4,4,1.3,1.3,1.3
2019-10-25,16,16,16,24,24,24,17,17,17,68,68,68,6,6,6,1.2,1.2,1.2
2019-10-24,29,29,29,31,31,31,38,38,38,70,70,70,3,3,3,1.2,1.2,1.2
2019-10-23,26,26,26,36,36,36,41,41,41,83,83,83,4,4,4,1.6,1.6,1.6
2019-10-22,11,11,11,23,23,23,57,57,57,79,79,79,4,4,4,1.6,1.6,1.6
2019-10-21,7,7,7,13,13,13,62,62,62,61,61,61,3,3,3,0.9,0.9,0.9
2019-10-20,14,14,14,19,19,19,74,74,74,34,34,34,4,4,4,0.9,0.9,0.9
2019-10-19,12,12,12,15,15,15,59,59,59,62,62,62,4,4,4,0.9,0.9,0.9
2019-10-18,18,18,18,21,21,21,45,45,45,69,69,69,5,5,5,1.2,1.2,1.2
2019-10-17,16,16,16,21,21,21,65,65,65,88,88,88,6,6,6,1.4,1.4,1.4
2019-10-16,8,8,8,11,11,11,86,86,86,89,89,89,5,5,5,1.4,1.4,1.4
2019-10-15,28,28,28,39,39,39,84,84,84,63,63,63,4,4,4,1.1,1.1,1.1
2019-10-14,38,38,38,53,53,53,40,40,40,78,78,78,5,5,5,1.1,1.1,1.1
2019-10-13,41,41,41,50,50,50,67,67,67,77,77,77,5,5,5,1.3,1.3,1.3
2019-10-12,34,34,34,43,43,43,63,63,63,87,87,87,7,7,7,1.3,1.3,1.3
2019-10-11,34,34,34,36,36,36,47,47,47,94,94,94,4,4,4,1.2,1.2,1.2
2019-10-10,24,24,24,26,26,26,45,45,45,80,80,80,5,5,5,1.1,1.1,1.1
2019-10-09,26,26,26,29,29,29,40,40,40,68,68,68,5,5,5,1.1,1.1,1.1
2019-10-08,32,32,32,29,29,29,75,75,75,86,86,86,4,4,4,1.1,1.1,1.1
2019-10-07,"-","-","-","-","-","-",65,65,65,78,78,78,4,4,4,1,1,1
2019-10-06,33,33,33,43,43,43,93,93,93,44,44,44,4,4,4,0.4,0.4,0.4
2019-10-05,27,27,27,31,31,31,87,87,87,73,73,73,5,5,5,0.4,0.4,0.4
2019-10-04,15,15,15,19,19,19,64,64,64,74,74,74,5,5,5,0.4,0.4,0.4
2019-10-03,17,17,17,12,12,12,83,83,83,55,55,55,5,5,5,0.3,0.3,0.3
2019-10-02,1,1,1,8,8,8,86,86,86,85,85,85,3,3,3,0.3,0.3,0.3
2019-10-01,15,15,15,25,25,25,85,85,85,72,72,72,4,4,4,0.5,0.5,0.5
2019-09-30,13,13,13,22,22,22,103,103,103,97,97,97,4,4,4,0.5,0.5,0.5
2019-09-29,14,14,14,20,20,20,101,101,101,45,45,45,4,4,4,0.4,0.4,0.4
2019-09-28,32,32,32,41,41,41,104,104,104,94,94,94,3,3,3,0.5,0.5,0.5
2019-09-27,46,46,46,60,60,60,100,100,100,77,77,77,4,4,4,0.6,0.6,0.6
2019-09-26,35,35,35,46,46,46,87,87,87,101,101,101,4,4,4,0.6,0.6,0.6
2019-09-25,19,19,19,30,30,30,95,95,95,89,89,89,4,4,4,0.5,0.5,0.5
2019-09-24,24,24,24,29,29,29,68,68,68,101,101,101,4,4,4,0.5,0.5,0.5
2019-09-23,25,25,25,34,34,34,74,74,74,68,68,68,3,3,3,0.1,0.1,0.1
2019-09-22,20,20,20,27,27,27,101,101,101,65,65,65,16,16,16,0.1,0.1,0.1
2019-09-21,16,16,16,24,24,24,109,109,109,56,56,56,8,8,8,0.1,0.1,0.1
2019-09-20,13,13,13,18,18,18,92,92,92,72,72,72,7,7,7,0.2,0.2,0.2
2019-09-19,9,9,9,17,17,17,78,78,78,65,65,65,7,7,7,0.2,0.2,0.2
2019-09-18,18,18,18,30,30,30,111,111,111,69,69,69,4,4,4,0.2,0.2,0.2
2019-09-17,26,26,26,31,31,31,139,139,139,90,90,90,4,4,4,0.1,0.1,0.1
2019-09-16,35,35,35,45,45,45,164,164,164,83,83,83,5,5,5,0.2,0.2,0.2
2019-09-15,29,29,29,38,38,38,156,156,156,99,99,99,3,3,3,0.2,0.2,0.2
2019-09-14,30,30,30,41,41,41,171,171,171,69,69,69,5,5,5,0.2,0.2,0.2
2019-09-13,27,27,27,33,33,33,159,159,159,131,131,131,8,8,8,0.2,0.2,0.2
2019-09-12,8,8,8,13,13,13,145,145,145,119,119,119,6,6,6,0.5,0.5,0.5
2019-09-11,11,11,11,18,18,18,114,114,114,97,97,97,3,3,3,0.5,0.5,0.5
2019-09-10,12,12,12,17,17,17,92,92,92,83,83,83,4,4,4,0.5,0.5,0.5
2019-09-09,5,5,5,6,6,6,90,90,90,90,90,90,5,5,5,0.4,0.4,0.4
2019-09-08,3,3,3,1,1,1,88,88,88,52,52,52,7,7,7,0.3,0.3,0.3
2019-09-07,15,15,15,14,14,14,89,89,89,77,77,77,4,4,4,0.3,0.3,0.3
2019-09-06,6,6,6,8,8,8,75,75,75,71,71,71,7,7,7,0.4,0.4,0.4
2019-09-05,16,16,16,30,30,30,139,139,139,70,70,70,4,4,4,0.4,0.4,0.4
2019-09-04,10,10,10,20,20,20,127,127,127,86,86,86,8,8,8,0.3,0.3,0.3
2019-09-03,12,12,12,14,14,14,120,120,120,69,69,69,18,18,18,0.3,0.3,0.3
2019-09-02,11,11,11,14,14,14,133,133,133,56,56,56,8,8,8,0.3,0.3,0.3
2019-09-01,16,16,16,21,21,21,157,157,157,53,53,53,3,3,3,0.3,0.3,0.3
2019-08-31,12,12,12,19,19,19,139,139,139,44,44,44,3,3,3,0.3,0.3,0.3
2019-08-30,18,18,18,23,23,23,158,158,158,60,60,60,10,10,10,0.3,0.3,0.3
2019-08-29,18,18,18,23,23,23,142,142,142,58,58,58,3,3,3,0.3,0.3,0.3
2019-08-28,18,18,18,23,23,23,108,108,108,50,50,50,3,3,3,0.3,0.3,0.3
2019-08-27,21,21,21,29,29,29,169,169,169,60,60,60,15,15,15,0.3,0.3,0.3
2019-08-26,20,20,20,21,21,21,157,157,157,54,54,54,3,3,3,0.2,0.2,0.2
2019-08-25,27,27,27,19,19,19,153,153,153,30,30,30,2,2,2,0.3,0.3,0.3
2019-08-24,17,17,17,19,19,19,128,128,128,52,52,52,2,2,2,0.3,0.3,0.3
2019-08-23,15,15,15,14,14,14,99,99,99,43,43,43,2,2,2,0.2,0.2,0.2
2019-08-22,14,14,14,16,16,16,138,138,138,38,38,38,2,2,2,0.2,0.2,0.2
2019-08-21,14,14,14,18,18,18,136,136,136,40,40,40,3,3,3,0.2,0.2,0.2
2019-08-20,18,18,18,20,20,20,132,132,132,31,31,31,3,3,3,0.2,0.2,0.2
2019-08-19,13,13,13,16,16,16,132,132,132,43,43,43,3,3,3,0.2,0.2,0.2
2019-08-18,11,11,11,17,17,17,145,145,145,28,28,28,3,3,3,0.3,0.3,0.3
2019-08-17,10,10,10,15,15,15,141,141,141,33,33,33,3,3,3,0.2,0.2,0.2
2019-08-16,"-","-","-","-","-","-",124,124,124,34,34,34,2,2,2,0.2,0.2,0.2
2019-08-14,"-","-","-","-","-","-",93,93,93,63,63,63,2,2,2,0.2,0.2,0.2
2019-08-13,7,7,7,7,7,7,112,112,112,41,41,41,2,2,2,0.2,0.2,0.2
2019-08-12,19,19,19,29,29,29,114,114,114,39,39,39,3,3,3,0.2,0.2,0.2
2019-08-11,17,17,17,26,26,26,137,137,137,28,28,28,3,3,3,0.2,0.2,0.2
2019-08-10,21,21,21,27,27,27,145,145,145,37,37,37,4,4,4,0.3,0.3,0.3
2019-08-09,12,12,12,21,21,21,147,147,147,59,59,59,2,2,2,0.3,0.3,0.3
2019-08-08,19,19,19,22,22,22,136,136,136,50,50,50,3,3,3,0.2,0.2,0.2
2019-08-07,11,11,11,13,13,13,128,128,128,47,47,47,2,2,2,0.2,0.2,0.2
2019-08-06,18,18,18,26,26,26,157,157,157,41,41,41,5,5,5,0.2,0.2,0.2
2019-08-05,20,20,20,21,21,21,184,184,184,54,54,54,3,3,3,0.2,0.2,0.2
2019-08-04,12,12,12,15,15,15,149,149,149,44,44,44,3,3,3,0.3,0.3,0.3
2019-08-03,8,8,8,12,12,12,142,142,142,58,58,58,3,3,3,0.3,0.3,0.3
2019-08-02,13,13,13,13,13,13,135,135,135,52,52,52,2,2,2,0.2,0.2,0.2
2019-08-01,18,18,18,29,29,29,168,168,168,57,57,57,3,3,3,0.3,0.3,0.3
2019-07-31,15,15,15,19,19,19,160,160,160,59,59,59,3,3,3,0.3,0.3,0.3
2019-07-30,9,9,9,16,16,16,148,148,148,67,67,67,4,4,4,0.2,0.2,0.2
2019-07-29,11,11,11,17,17,17,175,175,175,71,71,71,3,3,3,0.3,0.3,0.3
2019-07-28,15,15,15,13,13,13,129,129,129,38,38,38,3,3,3,0.2,0.2,0.2
2019-07-27,11,11,11,16,16,16,126,126,126,37,37,37,3,3,3,0.2,0.2,0.2
2019-07-26,24,24,24,29,29,29,180,180,180,63,63,63,5,5,5,0.3,0.3,0.3
2019-07-25,"-","-","-","-","-","-",222,222,222,68,68,68,5,5,5,0.4,0.4,0.4
2019-07-24,"-","-","-","-","-","-",268,268,268,70,70,70,4,4,4,0.4,0.4,0.4
2019-07-23,35,35,35,43,43,43,226,226,226,57,57,57,8,8,8,0.3,0.3,0.3
2019-07-22,25,25,25,31,31,31,206,206,206,57,57,57,4,4,4,0.2,0.2,0.2
2019-07-21,20,20,20,22,22,22,158,158,158,38,38,38,4,4,4,0.2,0.2,0.2
2019-07-20,21,21,21,28,28,28,169,169,169,52,52,52,3,3,3,0.3,0.3,0.3
2019-07-19,22,22,22,27,27,27,186,186,186,69,69,69,7,7,7,0.3,0.3,0.3
2019-07-18,15,15,15,19,19,19,153,153,153,83,83,83,4,4,4,0.3,0.3,0.3
2019-07-17,10,10,10,15,15,15,160,160,160,59,59,59,8,8,8,0.3,0.3,0.3
2019-07-16,14,14,14,18,18,18,127,127,127,64,64,64,3,3,3,0.3,0.3,0.3
2019-07-15,11,11,11,7,7,7,107,107,107,41,41,41,3,3,3,0.3,0.3,0.3
2019-07-14,6,6,6,8,8,8,130,130,130,37,37,37,3,3,3,0.3,0.3,0.3
2019-07-13,11,11,11,13,13,13,140,140,140,46,46,46,3,3,3,0.2,0.2,0.2
2019-07-12,19,19,19,19,19,19,151,151,151,58,58,58,7,7,7,0.3,0.3,0.3
2019-07-11,14,14,14,20,20,20,135,135,135,51,51,51,6,6,6,0.2,0.2,0.2
2019-07-10,19,19,19,20,20,20,135,135,135,39,39,39,3,3,3,0.2,0.2,0.2
2019-07-09,16,16,16,24,24,24,138,138,138,39,39,39,5,5,5,0.2,0.2,0.2
2019-07-08,18,18,18,20,20,20,152,152,152,43,43,43,3,3,3,0.2,0.2,0.2
2019-07-07,23,23,23,29,29,29,134,134,134,31,31,31,5,5,5,0.2,0.2,0.2
2019-07-06,25,25,25,27,27,27,152,152,152,34,34,34,3,3,3,0.2,0.2,0.2
2019-07-05,23,23,23,27,27,27,192,192,192,"-","-","-",3,3,3,0.3,0.3,0.3
2019-07-04,16,16,16,19,19,19,161,161,161,55,55,55,3,3,3,0.3,0.3,0.3
2019-07-03,23,23,23,23,23,23,205,205,205,48,48,48,10,10,10,0.3,0.3,0.3
2019-07-02,"-","-","-","-","-","-",192,192,192,61,61,61,3,3,3,0.3,0.3,0.3
2019-07-01,"-","-","-","-","-","-",227,227,227,66,66,66,1,1,1,0.3,0.3,0.3
2019-06-30,"-","-","-","-","-","-",214,214,214,45,45,45,3,3,3,0.3,0.3,0.3
2019-06-29,"-","-","-","-","-","-",170,170,170,28,28,28,7,7,7,0.2,0.2,0.2
2019-06-17,8,8,8,24,24,24,141,141,141,70,70,70,4,4,4,0.2,0.2,0.2
2019-06-16,10,10,10,15,15,15,134,134,134,45,45,45,8,8,8,0.2,0.2,0.2
2019-06-15,13,13,13,38,38,38,135,135,135,47,47,47,5,5,5,0.3,0.3,0.3
2019-06-14,10,10,10,23,23,23,149,149,149,83,83,83,9,9,9,0.3,0.3,0.3
2019-06-13,5,5,5,11,11,11,130,130,130,57,57,57,4,4,4,0.3,0.3,0.3
2019-06-12,10,10,10,4,4,4,108,108,108,43,43,43,6,6,6,0.3,0.3,0.3
2019-06-11,10,10,10,52,52,52,107,107,107,53,53,53,4,4,4,0.2,0.2,0.2
2019-06-10,8,8,8,37,37,37,103,103,103,44,44,44,3,3,3,0.3,0.3,0.3
2019-06-09,8,8,8,31,31,31,125,125,125,55,55,55,2,2,2,0.3,0.3,0.3
2019-06-08,9,9,9,26,26,26,136,136,136,44,44,44,12,12,12,0.2,0.2,0.2
2019-06-07,9,9,9,24,24,24,124,124,124,39,39,39,4,4,4,0.2,0.2,0.2
2019-06-06,12,12,12,29,29,29,112,112,112,33,33,33,3,3,3,0.2,0.2,0.2
2019-06-05,7,7,7,22,22,22,141,141,141,50,50,50,13,13,13,0.3,0.3,0.3
2019-06-04,8,8,8,22,22,22,158,158,158,70,70,70,7,7,7,0.3,0.3,0.3
2019-06-03,7,7,7,17,17,17,147,147,147,61,61,61,16,16,16,0.3,0.3,0.3
2019-06-02,11,11,11,19,19,19,154,154,154,60,60,60,11,11,11,0.3,0.3,0.3
2019-06-01,6,6,6,18,18,18,141,141,141,77,77,77,4,4,4,0.4,0.4,0.4
2019-05-31,5,5,5,14,14,14,121,121,121,84,84,84,5,5,5,0.3,0.3,0.3
2019-05-30,7,7,7,10,10,10,106,106,106,45,45,45,6,6,6,0.2,0.2,0.2
2019-05-29,5,5,5,12,12,12,75,75,75,59,59,59,3,3,3,0.3,0.3,0.3
2019-05-28,10,10,10,14,14,14,77,77,77,71,71,71,2,2,2,0.3,0.3,0.3
2019-05-27,7,7,7,20,20,20,93,93,93,47,47,47,2,2,2,0.3,0.3,0.3
2019-05-26,5,5,5,7,7,7,118,118,118,32,32,32,2,2,2,0.2,0.2,0.2
2019-05-25,8,8,8,16,16,16,119,119,119,48,48,48,7,7,7,0.2,0.2,0.2
2019-05-24,9,9,9,19,19,19,136,136,136,59,59,59,3,3,3,0.3,0.3,0.3
2019-05-23,12,12,12,19,19,19,130,130,130,62,62,62,2,2,2,0.3,0.3,0.3
2019-05-22,11,11,11,20,20,20,121,121,121,65,65,65,6,6,6,0.4,0.4,0.4
2019-05-21,5,5,5,14,14,14,111,111,111,56,56,56,4,4,4,0.3,0.3,0.3
2019-05-20,8,8,8,13,13,13,58,58,58,65,65,65,4,4,4,0.4,0.4,0.4
2019-05-19,4,4,4,14,14,14,66,66,66,52,52,52,3,3,3,0.3,0.3,0.3
2019-05-18,8,8,8,15,15,15,66,66,66,47,47,47,3,3,3,0.3,0.3,0.3
2019-05-17,12,12,12,25,25,25,94,94,94,59,59,59,17,17,17,0.3,0.3,0.3
2019-05-16,9,9,9,21,21,21,104,104,104,54,54,54,21,21,21,0.3,0.3,0.3
2019-05-15,6,6,6,13,13,13,90,90,90,62,62,62,18,18,18,0.2,0.2,0.2
2019-05-14,9,9,9,18,18,18,101,101,101,66,66,66,5,5,5,0.3,0.3,0.3
2019-05-13,6,6,6,9,9,9,75,75,75,69,69,69,3,3,3,0.4,0.4,0.4
2019-05-12,6,6,6,10,10,10,68,68,68,52,52,52,"-","-","-",0.3,0.3,0.3
2019-05-11,11,11,11,20,20,20,92,92,92,65,65,65,1,1,1,0.4,0.4,0.4
2019-05-10,14,14,14,23,23,23,112,112,112,87,87,87,"-","-","-",0.4,0.4,0.4
2019-05-09,8,8,8,11,11,11,97,97,97,83,83,83,"-","-","-",0.3,0.3,0.3
2019-05-08,11,11,11,24,24,24,96,96,96,70,70,70,"-","-","-",0.3,0.3,0.3
2019-05-07,8,8,8,14,14,14,107,107,107,33,33,33,19,19,19,0.3,0.3,0.3
2019-05-06,11,11,11,18,18,18,89,89,89,"-","-","-",5,5,5,0.3,0.3,0.3
2019-05-05,3,3,3,6,6,6,87,87,87,"-","-","-",4,4,4,0.2,0.2,0.2
2019-05-04,9,9,9,11,11,11,100,100,100,"-","-","-",5,5,5,0.3,0.3,0.3
2019-05-03,6,6,6,14,14,14,88,88,88,"-","-","-",5,5,5,0.3,0.3,0.3
2019-05-02,12,12,12,19,19,19,117,117,117,"-","-","-",4,4,4,0.3,0.3,0.3
2019-05-01,7,7,7,13,13,13,130,130,130,"-","-","-",4,4,4,0.3,0.3,0.3
2019-04-30,10,10,10,17,17,17,108,108,108,"-","-","-",5,5,5,0.4,0.4,0.4
2019-04-29,8,8,8,13,13,13,92,92,92,"-","-","-",4,4,4,0.4,0.4,0.4
2019-04-28,2,2,2,8,8,8,111,111,111,"-","-","-",4,4,4,0.2,0.2,0.2
2019-04-27,3,3,3,6,6,6,106,106,106,"-","-","-",3,3,3,0.3,0.3,0.3
2019-04-26,5,5,5,25,25,25,85,85,85,"-","-","-",3,3,3,0.3,0.3,0.3
2019-04-25,12,12,12,28,28,28,61,61,61,"-","-","-",3,3,3,0.3,0.3,0.3
2019-04-24,10,10,10,20,20,20,68,68,68,"-","-","-",3,3,3,0.3,0.3,0.3
2019-04-23,9,9,9,17,17,17,100,100,100,"-","-","-",4,4,4,0.3,0.3,0.3
2019-04-22,12,12,12,22,22,22,122,122,122,"-","-","-",5,5,5,0.2,0.2,0.2
2019-04-21,12,12,12,21,21,21,136,136,136,"-","-","-",4,4,4,0.3,0.3,0.3
2019-04-20,16,16,16,26,26,26,134,134,134,"-","-","-",4,4,4,0.4,0.4,0.4
2019-04-19,15,15,15,26,26,26,128,128,128,"-","-","-",4,4,4,0.4,0.4,0.4
2019-04-18,9,9,9,17,17,17,122,122,122,"-","-","-",5,5,5,0.3,0.3,0.3
2019-04-17,21,21,21,33,33,33,"-","-","-","-","-","-","-","-","-","-","-","-"
2019-04-16,"-","-","-","-","-","-",43,43,43,"-","-","-",4,4,4,0.5,0.5,0.5
2019-04-15,11,11,11,14,14,14,83,83,83,"-","-","-",4,4,4,0.5,0.5,0.5
2019-04-14,7,7,7,8,8,8,105,105,105,"-","-","-",3,3,3,0.4,0.4,0.4
2019-04-13,13,13,13,20,20,20,87,87,87,"-","-","-",4,4,4,0.3,0.3,0.3
2019-04-12,10,10,10,18,18,18,75,75,75,"-","-","-",3,3,3,0.4,0.4,0.4
2019-04-11,15,15,15,23,23,23,60,60,60,"-","-","-",4,4,4,0.4,0.4,0.4
2019-04-10,13,13,13,22,22,22,93,93,93,"-","-","-",11,11,11,0.4,0.4,0.4
2019-04-09,10,10,10,15,15,15,99,99,99,"-","-","-",6,6,6,0.3,0.3,0.3
2019-04-08,10,10,10,19,19,19,96,96,96,"-","-","-",4,4,4,0.5,0.5,0.5
2019-04-07,15,15,15,26,26,26,94,94,94,"-","-","-",4,4,4,0.3,0.3,0.3
2019-04-06,13,13,13,25,25,25,77,77,77,"-","-","-",5,5,5,0.3,0.3,0.3
2019-04-05,11,11,11,18,18,18,65,65,65,"-","-","-",4,4,4,0.4,0.4,0.4
2019-04-04,10,10,10,12,12,12,78,78,78,"-","-","-",5,5,5,0.3,0.3,0.3
2019-04-03,19,19,19,27,27,27,104,104,104,"-","-","-",5,5,5,0.3,0.3,0.3
2019-04-02,19,19,19,46,46,46,119,119,119,"-","-","-",6,6,6,0.6,0.6,0.6
2019-04-01,23,23,23,46,46,46,128,128,128,"-","-","-",6,6,6,0.6,0.6,0.6
2019-03-31,22,22,22,40,40,40,127,127,127,"-","-","-",5,5,5,0.6,0.6,0.6
2019-03-30,21,21,21,44,44,44,105,105,105,"-","-","-",6,6,6,0.6,0.6,0.6
2019-03-29,17,17,17,34,34,34,98,98,98,"-","-","-",6,6,6,0.5,0.5,0.5
2019-03-28,13,13,13,26,26,26,88,88,88,"-","-","-",9,9,9,0.5,0.5,0.5
2019-03-27,10,10,10,21,21,21,97,97,97,"-","-","-",13,13,13,0.5,0.5,0.5
2019-03-26,9,9,9,16,16,16,109,109,109,"-","-","-",14,14,14,0.4,0.4,0.4
2019-03-25,19,19,19,30,30,30,112,112,112,"-","-","-",9,9,9,0.5,0.5,0.5
2019-03-24,21,21,21,40,40,40,121,121,121,"-","-","-",9,9,9,0.8,0.8,0.8
2019-03-23,27,27,27,50,50,50,92,92,92,"-","-","-",11,11,11,0.9,0.9,0.9
2019-03-22,23,23,23,46,46,46,73,73,73,"-","-","-","-","-","-",0.8,0.8,0.8
2019-03-21,16,16,16,29,29,29,92,92,92,"-","-","-",8,8,8,0.6,0.6,0.6
2019-03-20,12,12,12,20,20,20,76,76,76,"-","-","-",11,11,11,0.4,0.4,0.4
2019-03-19,15,15,15,13,13,13,86,86,86,"-","-","-",6,6,6,0.3,0.3,0.3
2019-03-18,5,5,5,6,6,6,103,103,103,"-","-","-","-","-","-",0.3,0.3,0.3
2019-03-17,10,10,10,26,26,26,69,69,69,"-","-","-","-","-","-",0.3,0.3,0.3
2019-03-16,9,9,9,20,20,20,72,72,72,"-","-","-","-","-","-",0.4,0.4,0.4
2019-03-15,13,13,13,18,18,18,73,73,73,"-","-","-","-","-","-",0.6,0.6,0.6
2019-03-14,17,17,17,26,26,26,73,73,73,"-","-","-","-","-","-",0.6,0.6,0.6
2019-03-13,13,13,13,21,21,21,88,88,88,"-","-","-","-","-","-",0.7,0.7,0.7
2019-03-12,3,3,3,9,9,9,95,95,95,"-","-","-","-","-","-",0.6,0.6,0.6
2019-03-11,10,10,10,11,11,11,95,95,95,"-","-","-","-","-","-",0.6,0.6,0.6
2019-03-10,18,18,18,26,26,26,80,80,80,"-","-","-","-","-","-",0.5,0.5,0.5
2019-03-09,14,14,14,25,25,25,81,81,81,"-","-","-","-","-","-",0.4,0.4,0.4
2019-03-08,20,20,20,37,37,37,64,64,64,"-","-","-","-","-","-",0.8,0.8,0.8
2019-03-07,28,28,28,45,45,45,50,50,50,"-","-","-","-","-","-",0.7,0.7,0.7
2019-03-06,24,24,24,44,44,44,30,30,30,"-","-","-","-","-","-",1,1,1
2019-03-05,19,19,19,34,34,34,46,46,46,"-","-","-","-","-","-",0.9,0.9,0.9
2019-03-04,19,19,19,40,40,40,49,49,49,"-","-","-","-","-","-",0.8,0.8,0.8
2019-03-03,24,24,24,36,36,36,83,83,83,"-","-","-","-","-","-",1,1,1
2019-03-02,31,31,31,65,65,65,48,48,48,"-","-","-","-","-","-",0.9,0.9,0.9
2019-03-01,29,29,29,59,59,59,64,64,64,"-","-","-","-","-","-",0.6,0.6,0.6
2019-02-28,34,34,34,57,57,57,73,73,73,"-","-","-","-","-","-",1.2,1.2,1.2
2019-02-27,34,34,34,59,59,59,46,46,46,5,5,5,16,16,16,1.7,1.7,1.7
2019-02-26,34,34,34,63,63,63,20,20,20,"-","-","-",19,19,19,1.5,1.5,1.5
2019-02-25,40,40,40,66,66,66,23,23,23,"-","-","-",11,11,11,1,1,1
2019-02-24,"-","-","-",28,28,28,54,54,54,"-","-","-","-","-","-",0.6,0.6,0.6
2019-02-23,25,25,25,48,48,48,55,55,55,63,63,63,"-","-","-",1.2,1.2,1.2
2019-02-22,50,50,50,92,92,92,20,20,20,85,85,85,2,2,2,1.3,1.3,1.3
2019-02-21,45,45,45,87,87,87,25,25,25,88,88,88,2,2,2,1.2,1.2,1.2
2019-02-20,39,39,39,83,83,83,19,19,19,80,80,80,21,21,21,0.8,0.8,0.8
2019-02-19,22,22,22,36,36,36,56,56,56,81,81,81,24,24,24,0.8,0.8,0.8
2019-02-18,38,38,38,61,61,61,46,46,46,90,90,90,16,16,16,1.6,1.6,1.6
2019-02-17,50,50,50,79,79,79,36,36,36,92,92,92,11,11,11,1.5,1.5,1.5
2019-02-16,51,51,51,86,86,86,25,25,25,83,83,83,13,13,13,1.2,1.2,1.2
2019-02-15,45,45,45,72,72,72,11,11,11,94,94,94,"-","-","-",1.1,1.1,1.1
2019-02-14,37,37,37,59,59,59,21,21,21,82,82,82,"-","-","-",1.3,1.3,1.3
2019-02-13,19,19,19,32,32,32,44,44,44,81,81,81,"-","-","-",1.1,1.1,1.1
2019-02-12,7,7,7,15,15,15,56,56,56,68,68,68,"-","-","-",0.6,0.6,0.6
2019-02-11,11,11,11,19,19,19,59,59,59,61,61,61,"-","-","-",0.6,0.6,0.6
2019-02-10,34,34,34,60,60,60,11,11,11,78,78,78,"-","-","-",1.2,1.2,1.2
2019-02-09,40,40,40,65,65,65,35,35,35,96,96,96,"-","-","-",2.5,2.5,2.5
2019-02-08,55,55,55,90,90,90,9,9,9,112,112,112,"-","-","-",2.3,2.3,2.3
2019-02-07,51,51,51,86,86,86,5,5,5,109,109,109,"-","-","-",2.1,2.1,2.1
2019-02-06,32,32,32,57,57,57,15,15,15,100,100,100,"-","-","-",1.8,1.8,1.8
2019-02-05,29,29,29,42,42,42,26,26,26,81,81,81,"-","-","-",1.3,1.3,1.3
2019-02-04,29,29,29,41,41,41,16,16,16,87,87,87,"-","-","-",1.4,1.4,1.4
2019-02-03,28,28,28,38,38,38,15,15,15,60,60,60,"-","-","-",1.3,1.3,1.3
2019-02-02,36,36,36,48,48,48,5,5,5,71,71,71,"-","-","-",1.4,1.4,1.4
2019-02-01,34,34,34,45,45,45,5,5,5,83,83,83,"-","-","-",1.4,1.4,1.4
2019-01-31,32,32,32,52,52,52,5,5,5,71,71,71,"-","-","-",0.9,0.9,0.9
2019-01-30,22,22,22,27,27,27,17,17,17,70,70,70,"-","-","-",1,1,1
2019-01-29,36,36,36,50,50,50,10,10,10,81,81,81,"-","-","-",1.1,1.1,1.1
2019-01-28,32,32,32,45,45,45,20,20,20,77,77,77,"-","-","-",0.9,0.9,0.9
2019-01-27,51,51,51,66,66,66,12,12,12,66,66,66,"-","-","-",1.1,1.1,1.1
2019-01-26,46,46,46,65,65,65,11,11,11,81,81,81,"-","-","-",1.5,1.5,1.5
2019-01-25,34,34,34,54,54,54,20,20,20,91,91,91,"-","-","-",1.7,1.7,1.7
2019-01-24,"-","-","-","-","-","-",15,15,15,94,94,94,"-","-","-",1.5,1.5,1.5
2019-01-23,35,35,35,49,49,49,17,17,17,84,84,84,"-","-","-",1.6,1.6,1.6
2019-01-22,47,47,47,69,69,69,11,11,11,89,89,89,"-","-","-",1.4,1.4,1.4
2019-01-21,51,51,51,70,70,70,8,8,8,86,86,86,"-","-","-",1.2,1.2,1.2
2019-01-20,36,36,36,49,49,49,20,20,20,69,69,69,"-","-","-",1.3,1.3,1.3
2019-01-19,13,13,13,16,16,16,34,34,34,58,58,58,"-","-","-",0.5,0.5,0.5
2019-01-18,28,28,28,44,44,44,8,8,8,62,62,62,"-","-","-",0.7,0.7,0.7
2019-01-17,37,37,37,58,58,58,9,9,9,60,60,60,"-","-","-",0.9,0.9,0.9
2019-01-16,23,23,23,39,39,39,23,23,23,88,88,88,"-","-","-",1.3,1.3,1.3
2019-01-15,15,15,15,25,25,25,48,48,48,87,87,87,"-","-","-",1.2,1.2,1.2
2019-01-14,12,12,12,17,17,17,55,55,55,62,62,62,"-","-","-",1.1,1.1,1.1
2019-01-13,57,57,57,78,78,78,6,6,6,85,85,85,"-","-","-",1.6,1.6,1.6
2019-01-12,41,41,41,60,60,60,8,8,8,102,102,102,"-","-","-",1.5,1.5,1.5
2019-01-11,20,20,20,30,30,30,22,22,22,81,81,81,"-","-","-",1.2,1.2,1.2
2019-01-10,5,5,5,11,11,11,52,52,52,59,59,59,"-","-","-",0.4,0.4,0.4
2019-01-09,18,18,18,36,36,36,52,52,52,77,77,77,"-","-","-",1.1,1.1,1.1
2019-01-08,60,60,60,111,111,111,5,5,5,85,85,85,"-","-","-",1.6,1.6,1.6
2019-01-07,56,56,56,84,84,84,15,15,15,80,80,80,"-","-","-",1.6,1.6,1.6
2019-01-06,41,41,41,60,60,60,39,39,39,81,81,81,"-","-","-",1.2,1.2,1.2
2019-01-05,45,45,45,57,57,57,13,13,13,81,81,81,"-","-","-",1.7,1.7,1.7
2019-01-04,33,33,33,49,49,49,18,18,18,94,94,94,"-","-","-",1.6,1.6,1.6
2019-01-03,17,17,17,15,15,15,66,66,66,70,70,70,"-","-","-",0.5,0.5,0.5
2019-01-02,10,10,10,17,17,17,63,63,63,46,46,46,"-","-","-",0.9,0.9,0.9
2019-01-01,55,55,55,90,90,90,9,9,9,52,52,52,"-","-","-",1,1,1
